Acidianus_hospitalis/Acidilobus_saccharovorans/Aciduliprofundum_boonei/Aciduliprofundum_sp._MAR08-339/Aenigmarchaeota_archaeon_SCGC_AAA011-F07/Aeropyrum_camini/Aeropyrum_pernix/Aigarchaeota_archaeon_JGI_0000001-A7/Aigarchaeota_archaeon_JGI_0000001-H6/Aigarchaeota_archaeon_SCGC_AAA471-A16/Aigarchaeota_archaeon_SCGC_AAA471-B22/Aigarchaeota_archaeon_SCGC_AAA471-D15/Aigarchaeota_archaeon_SCGC_AAA471-E14/Aigarchaeota_archaeon_SCGC_AAA471-E16/Aigarchaeota_archaeon_SCGC_AAA471-G05/Aigarchaeota_archaeon_SCGC_AAA471-J07/Aigarchaeota_archaeon_SCGC_AAA471-J08/Archaeoglobus_fulgidus/Archaeoglobus_profundus/Archaeoglobus_sulfaticallidus/Archaeoglobus_veneficus/Caldisphaera_lagunensis/Caldivirga_maquilingensis/Candidatus_Caldiarchaeum_subterraneum/Candidatus_Halobonum_tyrrellensis/Candidatus_Haloredivivus_sp._G17/Candidatus_Iainarchaeum_andersonii/Candidatus_Korarchaeum_cryptofilum/Candidatus_Methanomassiliicoccus_intestinalis/Candidatus_Methanomethylophilus_alvus/Candidatus_Nitrosoarchaeum_koreensis/Candidatus_Nitrosoarchaeum_limnia/Candidatus_Nitrosopumilus_koreensis/Candidatus_Nitrosopumilus_salaria/Candidatus_Nitrosopumilus_sp._AR2/Candidatus_Nitrososphaera_gargensis/Cenarchaeum_symbiosum/Crenarchaeota_archaeon_SCGC_AAA471-B05/Crenarchaeota_archaeon_SCGC_AAA471-C03/Crenarchaeota_archaeon_SCGC_AAA471-L13/Crenarchaeota_archaeon_SCGC_AAA471-L14/Crenarchaeota_archaeon_SCGC_AAA471-O08/Desulfurococcus_fermentans/Desulfurococcus_kamchatkensis/Desulfurococcus_mucosus/Euryarchaeota_archaeon_SCGC_AAA252-I15/Ferroglobus_placidus/Ferroplasma_acidarmanus/Fervidicoccus_fontis/Haladaptatus_paucihalophilus/Halalkalicoccus_jeotgali/Halarchaeum_acidiphilum/Haloarcula_amylolytica/Haloarcula_argentinensis/Haloarcula_californiae/Haloarcula_hispanica/Haloarcula_japonica/Haloarcula_marismortui/Haloarcula_sinaiiensis/Haloarcula_vallismortis/Halobacterium_salinarum/Halobacterium_sp._DL1/Halobiforma_lacisalsi/Halobiforma_nitratireducens/Halococcus_hamelinensis/Halococcus_morrhuae/Halococcus_saccharolyticus/Halococcus_salifodinae/Halococcus_thailandensis/Haloferax_alexandrinus/Haloferax_denitrificans/Haloferax_elongans/Haloferax_gibbonsii/Haloferax_larsenii/Haloferax_lucentense/Haloferax_mediterranei/Haloferax_mucosum/Haloferax_prahovense/Haloferax_sp._ATCC_BAA-644/Haloferax_sp._ATCC_BAA-645/Haloferax_sp._ATCC_BAA-646/Haloferax_sp._BAB2207/Haloferax_sulfurifontis/Haloferax_volcanii/Halogeometricum_borinquense/Halogranum_salarium/Halomicrobium_katesii/Halomicrobium_mukohataei/Halonotius_sp._J07HN4/Halonotius_sp._J07HN6/Halopiger_xanaduensis/Haloquadratum_sp._J07HQX50/Haloquadratum_walsbyi/Halorhabdus_tiamatea/Halorhabdus_utahensis/Halorubrum_aidingense/Halorubrum_arcis/Halorubrum_californiense/Halorubrum_coriense/Halorubrum_distributum/Halorubrum_hochstenium/Halorubrum_kocurii/Halorubrum_lacusprofundi/Halorubrum_lipolyticum/Halorubrum_litoreum/Halorubrum_saccharovorum/Halorubrum_sp._J07HR59/Halorubrum_sp._T3/Halorubrum_tebenquichense/Halorubrum_terrestre/Halosarcina_pallida/Halosimplex_carlsbadense/Haloterrigena_limicola/Haloterrigena_salina/Haloterrigena_thermotolerans/Haloterrigena_turkmenica/Halovivax_asiaticus/Halovivax_ruber/Hyperthermus_butylicus/Ignicoccus_hospitalis/Ignisphaera_aggregans/Marine_Group_III_euryarchaeote_SCGC_AAA007-O11/Marine_Group_III_euryarchaeote_SCGC_AAA288-E19/Marine_Group_II_euryarchaeote_SCGC_AB-629-J06/Marine_Group_I_thaumarchaeote_SCGC_AB-629-A13/Marine_Group_I_thaumarchaeote_SCGC_AB-629-I23/Marine_group_II_euryarchaeote_SCGC_AAA288-C18/Metallosphaera_cuprina/Metallosphaera_sedula/Metallosphaera_yellowstonensis/Methanobacterium_formicicum/Methanobacterium_lacus/Methanobacterium_paludis/Methanobacterium_sp._MB1/Methanobacterium_sp._Maddingley_MBC34/Methanobrevibacter_boviskoreani/Methanobrevibacter_ruminantium/Methanobrevibacter_smithii/Methanobrevibacter_sp._AbM4/Methanocaldococcus_fervens/Methanocaldococcus_infernus/Methanocaldococcus_jannaschii/Methanocaldococcus_sp._FS406-22/Methanocaldococcus_villosus/Methanocaldococcus_vulcanius/Methanocella_arvoryzae/Methanocella_conradii/Methanocella_paludicola/Methanococcoides_burtonii/Methanococcus_aeolicus/Methanococcus_maripaludis/Methanococcus_vannielii/Methanococcus_voltae/Methanocorpusculum_labreanum/Methanoculleus_bourgensis/Methanoculleus_marisnigri/Methanofollis_liminatans/Methanohalobium_evestigatum/Methanohalophilus_mahii/Methanolinea_tarda/Methanolobus_psychrophilus/Methanolobus_tindarius/Methanomassiliicoccus_luminyensis/Methanomethylovorans_hollandica/Methanoplanus_limicola/Methanoplanus_petrolearius/Methanopyrus_kandleri/Methanoregula_boonei/Methanoregula_formicica/Methanosaeta_concilii/Methanosaeta_harundinacea/Methanosaeta_thermophila/Methanosalsum_zhilinae/Methanosarcina_acetivorans/Methanosarcina_barkeri/Methanosarcina_mazei/Methanosphaera_stadtmanae/Methanosphaerula_palustris/Methanospirillum_hungatei/Methanothermobacter_marburgensis/Methanothermobacter_thermautotrophicus/Methanothermococcus_okinawensis/Methanothermococcus_thermolithotrophicus/Methanothermus_fervidus/Methanotorris_formicicus/Methanotorris_igneus/Nanoarchaeota_archaeon_SCGC_AAA011-G17/Nanoarchaeota_archaeon_SCGC_AAA011-J2/Nanoarchaeota_archaeon_SCGC_AAA011-K22/Nanoarchaeota_archaeon_SCGC_AAA011-L15/Nanoarchaeota_archaeon_SCGC_AAA011-L22/Nanoarchaeum_equitans/Natrialba_aegyptia/Natrialba_asiatica/Natrialba_chahannaoensis/Natrialba_hulunbeirensis/Natrialba_magadii/Natrialba_taiwanensis/Natrinema_altunense/Natrinema_gari/Natrinema_pallidum/Natrinema_pellirubrum/Natrinema_sp._J7-2/Natrinema_versiforme/Natronobacterium_gregoryi/Natronococcus_amylolyticus/Natronococcus_jeotgali/Natronococcus_occultus/Natronolimnobius_innermongolicus/Natronomonas_moolapensis/Natronomonas_pharaonis/Natronorubrum_bangense/Natronorubrum_sulfidifaciens/Natronorubrum_tibetense/Nitrosopumilus_maritimus/Nitrosopumilus_sp._AR/Nitrosopumilus_sp._SJ/Picrophilus_torridus/Pyrobaculum_aerophilum/Pyrobaculum_arsenaticum/Pyrobaculum_calidifontis/Pyrobaculum_islandicum/Pyrobaculum_neutrophilum/Pyrobaculum_oguniense/Pyrobaculum_sp._1860/Pyrococcus_abyssi/Pyrococcus_furiosus/Pyrococcus_horikoshii/Pyrococcus_sp._NA2/Pyrococcus_sp._ST04/Pyrococcus_yayanosii/Pyrolobus_fumarii/Salinarchaeum_sp._Harcht-Bsk1/Staphylothermus_hellenicus/Staphylothermus_marinus/Sulfolobales_archaeon_Acd1/Sulfolobus_acidocaldarius/Sulfolobus_islandicus/Sulfolobus_solfataricus/Sulfolobus_tokodaii/Thaumarchaeota_archaeon_SCGC_AAA007-O23/Thaumarchaeota_archaeon_SCGC_AB-539-E09/Thermococcus_barophilus/Thermococcus_gammatolerans/Thermococcus_kodakarensis/Thermococcus_litoralis/Thermococcus_onnurineus/Thermococcus_sibiricus/Thermococcus_sp._4557/Thermococcus_sp._AM4/Thermococcus_sp._CL1/Thermococcus_zilligii/Thermofilum_pendens/Thermofilum_sp._1910b/Thermogladius_cellulolyticus/Thermoplasma_acidophilum/Thermoplasma_volcanium/Thermoplasmatales_archaeon_BRNA1/Thermoplasmatales_archaeon_SCGC_AB-539-C06/Thermoplasmatales_archaeon_SCGC_AB-539-N05/Thermoplasmatales_archaeon_SCGC_AB-540-F20/Thermoproteus_tenax/Thermoproteus_uzoniensis/Thermosphaera_aggregans/Vulcanisaeta_distributa/Vulcanisaeta_moutnovskia/crenarchaeote_SCGC_AAA261-C22/crenarchaeote_SCGC_AAA261-F05/crenarchaeote_SCGC_AAA261-G18/crenarchaeote_SCGC_AAA261-L14/crenarchaeote_SCGC_AAA261-L22/crenarchaeote_SCGC_AAA261-N13/crenarchaeote_SCGC_AAA261-N23/euryarchaeote_SCGC_AAA261-E04/euryarchaeote_SCGC_AAA261-G15/haloarchaeon_3A1_DGR/halophilic_archaeon_DL31/halophilic_archaeon_J07HB67/halophilic_archaeon_J07HX5/halophilic_archaeon_J07HX64/nanoarchaeote_Nst1/