Acaricomes_phytoseiuli/	Acaryochloris_marina/		Acetivibrio_cellulolyticus/	Acetobacter_aceti/	Acetobacter_nitrogenifigens/	Acetobacter_okinawensis/	Acetobacter_papayae/	Acetobacter_pasteurianus/	Acetobacter_persici/	Acetobacter_pomorum/	Acetobacter_tropicalis/		Acetobacterium_dehalogenans/	Acetobacterium_woodii/	Acetohalobium_arabaticum/	Acetonema_longum/	Acetothermia_bacterium_SCGC_AAA255-C06/	Acholeplasma_axanthum/	Acholeplasma_equifetale/	Acholeplasma_granularum/	Acholeplasma_laidlawii/	Acholeplasma_modicum/	Acholeplasma_multilocale/	Achromobacter_arsenitoxydans/	Achromobacter_insuavis/	Achromobacter_piechaudii/	Achromobacter_xylosoxidans/	Acidaminococcus_fermentans/	Acidaminococcus_intestini/		Acidimicrobium_ferrooxidans/	Acidiphilium_angustum/	Acidiphilium_cryptum/	Acidiphilium_multivorum/		Acidithiobacillus_caldus/	Acidithiobacillus_ferrivorans/	Acidithiobacillus_ferrooxidans/		Acidithiobacillus_thiooxidans/		Acidobacterium_capsulatum/		Acidocella_facilis/	Acidothermus_cellulolyticus/	Acidovorax_avenae/	Acidovorax_citrulli/	Acidovorax_delafieldii/	Acidovorax_ebreus/	Acidovorax_oryzae/	Acidovorax_radicis/		Acinetobacter_baumannii/	Acinetobacter_baylyi/	Acinetobacter_beijerinckii/	Acinetobacter_bereziniae/	Acinetobacter_bohemicus/	Acinetobacter_bouvetii/	Acinetobacter_brisouii/	Acinetobacter_calcoaceticus/	Acinetobacter_gerneri/	Acinetobacter_guillouiae/	Acinetobacter_gyllenbergii/	Acinetobacter_haemolyticus/	Acinetobacter_indicus/	Acinetobacter_johnsonii/	Acinetobacter_junii/	Acinetobacter_lwoffii/	Acinetobacter_nectaris/	Acinetobacter_nosocomialis/	Acinetobacter_oleivorans/	Acinetobacter_parvus/	Acinetobacter_pittii/	Acinetobacter_radioresistens/	Acinetobacter_rudis/	Acinetobacter_schindleri/	Acinetobacter_soli/		Acinetobacter_tandoii/	Acinetobacter_tjernbergiae/	Acinetobacter_towneri/	Acinetobacter_ursingii/	Acinetobacter_venetianus/	Actinoalloteichus_cyanogriseus/	Actinoalloteichus_spitiensis/	Actinobacillus_capsulatus/	Actinobacillus_minor/	Actinobacillus_pleuropneumoniae/	Actinobacillus_succinogenes/	Actinobacillus_suis/	Actinobacillus_ureae/	Actinobaculum_massiliense/	Actinobaculum_schaalii/		Actinobaculum_urinale/	Actinocatenispora_sera/	Actinokineospora_enzanensis/	Actinokineospora_inagensis/	Actinomadura_atramentaria/	Actinomadura_flavalba/	Actinomadura_madurae/	Actinomadura_oligospora/	Actinomadura_rifamycini/	Actinomyces_cardiffensis/	Actinomyces_coleocanis/	Actinomyces_dentalis/	Actinomyces_europaeus/	Actinomyces_georgiae/	Actinomyces_gerencseriae/	Actinomyces_graevenitzii/	Actinomyces_johnsonii/	Actinomyces_massiliensis/	Actinomyces_naeslundii/	Actinomyces_neuii/	Actinomyces_odontolyticus/	Actinomyces_oris/	Actinomyces_slackii/	Actinomyces_suimastitidis/	Actinomyces_timonensis/	Actinomyces_turicensis/	Actinomyces_urogenitalis/	Actinomyces_vaccimaxillae/	Actinomyces_viscosus/	Actinomycetospora_chiangmaiensis/	Actinoplanes_friuliensis/	Actinoplanes_globisporus/	Actinoplanes_missouriensis/		Actinoplanes_subtropicus/	Actinopolymorpha_alba/	Actinopolyspora_halophila/	Actinopolyspora_iraqiensis/	Actinopolyspora_mortivallis/	Actinosynnema_mirum/	Adhaeribacter_aquaticus/	Adlercreutzia_equolifaciens/	Advenella_kashmirensis/	Aequorivita_capsosiphonis/	Aequorivita_sublithincola/	Aerococcus_urinae/	Aerococcus_urinaeequi/	Aerococcus_viridans/	Aeromicrobium_marinum/	Aeromicrobium_massiliense/	Aeromonas_caviae/	Aeromonas_dhakensis/	Aeromonas_diversa/	Aeromonas_enteropelogenes/	Aeromonas_hydrophila/	Aeromonas_media/	Aeromonas_molluscorum/	Aeromonas_salmonicida/		Aeromonas_veronii/	Aerophobetes_bacterium_JGI_0000014-C22/	Aerophobetes_bacterium_SCGC_AAA255-F10/	Aestuariibacter_salexigens/	Aestuariimicrobium_kwangyangense/	Afifella_pfennigii/	Afipia_birgiae/	Afipia_broomeae/	Afipia_clevelandensis/	Afipia_felis/		Agarivorans_albus/	Aggregatibacter_actinomycetemcomitans/	Aggregatibacter_aphrophilus/	Aggregatibacter_segnis/		Agrobacterium_albertimagni/	Agrobacterium_fabrum/	Agrobacterium_larrymoorei/		Agrobacterium_tumefaciens/	Agrobacterium_vitis/	Agrococcus_lahaulensis/	Agrococcus_pavilionensis/	Agromyces_italicus/	Agromyces_subbeticus/	Ahrensia_kielensis/		Akkermansia_muciniphila/	Alcaligenes_faecalis/		Alcanivorax_borkumensis/	Alcanivorax_dieselolei/	Alcanivorax_hongdengensis/	Alcanivorax_pacificus/		Algicola_sagamiensis/	Algoriphagus_machipongonensis/	Algoriphagus_mannitolivorans/	Algoriphagus_marincola/	Algoriphagus_terrigena/	Algoriphagus_vanfongensis/	Aliagarivorans_marinus/	Aliagarivorans_taiwanensis/	Alicycliphilus_denitrificans/		Alicyclobacillus_acidocaldarius/	Alicyclobacillus_acidoterrestris/	Alicyclobacillus_contaminans/	Alicyclobacillus_herbarius/	Alicyclobacillus_hesperidum/	Alicyclobacillus_macrosporangiidus/	Alicyclobacillus_pohliae/	Alicyclobacillus_pomorum/	Aliihoeflea_sp._2WW/	Aliivibrio_fischeri/	Aliivibrio_logei/	Aliivibrio_salmonicida/	Alishewanella_aestuarii/	Alishewanella_agri/	Alishewanella_jeotgali/	Alistipes_finegoldii/	Alistipes_indistinctus/	Alistipes_onderdonkii/	Alistipes_putredinis/	Alistipes_senegalensis/	Alistipes_shahii/		Alistipes_timonensis/	Alkalibacillus_haloalkaliphilus/	Alkaliflexus_imshenetskii/	Alkalilimnicola_ehrlichii/	Alkaliphilus_metalliredigens/	Alkaliphilus_oremlandii/	Alkaliphilus_transvaalensis/	Alkanindiges_illinoisensis/	Allobaculum_stercoricanis/	Allochromatium_vinosum/	Allofustis_seminis/	Alloiococcus_otitis/	Allokutzneria_albata/	Alloprevotella_rava/	Alloprevotella_tannerae/	Alloscardovia_omnicolens/	Alteromonadales_bacterium_TW-7/	Alteromonas_macleodii/		Aminicenantes_bacterium_JGI_OTU-2/	Aminicenantes_bacterium_SCGC_AAA252-A02/	Aminicenantes_bacterium_SCGC_AAA252-B17/	Aminicenantes_bacterium_SCGC_AAA252-C08/	Aminicenantes_bacterium_SCGC_AAA252-D06/	Aminicenantes_bacterium_SCGC_AAA252-D18/	Aminicenantes_bacterium_SCGC_AAA252-F08/	Aminicenantes_bacterium_SCGC_AAA252-G04/	Aminicenantes_bacterium_SCGC_AAA252-G05/	Aminicenantes_bacterium_SCGC_AAA252-G06/	Aminicenantes_bacterium_SCGC_AAA252-G21/	Aminicenantes_bacterium_SCGC_AAA252-I14/	Aminicenantes_bacterium_SCGC_AAA252-J09/	Aminicenantes_bacterium_SCGC_AAA252-J15/	Aminicenantes_bacterium_SCGC_AAA252-J21/	Aminicenantes_bacterium_SCGC_AAA252-K06/	Aminicenantes_bacterium_SCGC_AAA252-K07/	Aminicenantes_bacterium_SCGC_AAA252-K18/	Aminicenantes_bacterium_SCGC_AAA252-L02/	Aminicenantes_bacterium_SCGC_AAA252-L10/	Aminicenantes_bacterium_SCGC_AAA252-N06/	Aminicenantes_bacterium_SCGC_AAA252-N07/	Aminicenantes_bacterium_SCGC_AAA252-O03/	Aminicenantes_bacterium_SCGC_AAA252-O09/	Aminicenantes_bacterium_SCGC_AAA252-O10/	Aminicenantes_bacterium_SCGC_AAA252-O11/	Aminicenantes_bacterium_SCGC_AAA252-O19/	Aminicenantes_bacterium_SCGC_AAA252-P13/	Aminicenantes_bacterium_SCGC_AAA252-P19/	Aminicenantes_bacterium_SCGC_AAA255-A06/	Aminicenantes_bacterium_SCGC_AAA255-E05/	Aminicenantes_bacterium_SCGC_AAA255-E10/	Aminicenantes_bacterium_SCGC_AAA255-F06/	Aminicenantes_bacterium_SCGC_AAA255-F09/	Aminicenantes_bacterium_SCGC_AAA255-K14/	Aminicenantes_bacterium_SCGC_AAA255-O15/	Aminiphilus_circumscriptus/	Aminobacter_sp._J41/	Aminobacterium_colombiense/	Aminobacterium_mobile/	Aminomonas_paucivorans/	Ammonifex_degensii/	Amorphus_coralli/	Amphibacillus_jilinensis/	Amphibacillus_xylanus/	Amphritea_japonica/	Amycolatopsis_alba/	Amycolatopsis_azurea/	Amycolatopsis_balhimycina/	Amycolatopsis_benzoatilytica/	Amycolatopsis_decaplanina/	Amycolatopsis_mediterranei/	Amycolatopsis_methanolica/	Amycolatopsis_nigrescens/	Amycolatopsis_orientalis/		Amycolatopsis_taiwanensis/	Amycolatopsis_thermoflava/	Amycolatopsis_vancoresmycina/	Amycolicicoccus_subflavus/	Anabaena_cylindrica/	Anabaena_variabilis/	Anaeroarcus_burkinensis/	Anaerobaculum_hydrogeniformans/	Anaerobaculum_mobile/	Anaerobiospirillum_succiniciproducens/	Anaerococcus_hydrogenalis/	Anaerococcus_lactolyticus/	Anaerococcus_obesiensis/	Anaerococcus_pacaensis/	Anaerococcus_prevotii/	Anaerococcus_senegalensis/		Anaerococcus_tetradius/	Anaerococcus_vaginalis/	Anaerofustis_stercorihominis/	Anaeroglobus_geminatus/	Anaerolinea_thermophila/	Anaeromusa_acidaminophila/	Anaeromyxobacter_dehalogenans/		Anaerophaga_thermohalophila/	Anaerostipes_caccae/	Anaerostipes_hadrus/		Anaerotruncus_colihominis/		Anaerovibrio_lipolyticus/	Anaerovorax_odorimutans/	Anaplasma_centrale/	Anaplasma_marginale/	Anaplasma_phagocytophilum/	Aneurinibacillus_aneurinilyticus/	Aneurinibacillus_terranovensis/	Anoxybacillus_flavithermus/	Anoxybacillus_kamchatkensis/		Anoxybacillus_tepidamans/	Aphanizomenon_flos-aquae/	Aquaspirillum_serpens/	Aquifex_aeolicus/	Aquimarina_agarilytica/	Aquimarina_latercula/	Aquimarina_macrocephali/	Aquimarina_megaterium/	Aquimarina_muelleri/	Arcanobacterium_haemolyticum/	Arcobacter_butzleri/	Arcobacter_cibarius/	Arcobacter_nitrofigilis/		Arcticibacter_svalbardensis/	Arenibacter_algicola/	Arenibacter_certesii/	Arenibacter_latericius/	Arenimonas_composti/	Arenimonas_oryziterrae/	Arenitalea_lutea/	Arhodomonas_aquaeolei/	Armatimonadetes_bacterium_JGI_0000077-K19/	Aromatoleum_aromaticum/	Arsenicicoccus_bolidensis/	Arsenophonus_endosymbiont_of_Nilaparvata_lugens/	Arsenophonus_nasoniae/	Arthrobacter_arilaitensis/	Arthrobacter_aurescens/	Arthrobacter_castelli/	Arthrobacter_chlorophenolicus/	Arthrobacter_crystallopoietes/	Arthrobacter_gangotriensis/	Arthrobacter_globiformis/	Arthrobacter_nicotinovorans/	Arthrobacter_phenanthrenivorans/	Arthrobacter_sanguinis/		Arthrospira_maxima/	Arthrospira_platensis/		Asaia_astilbis/	Asaia_platycodi/	Asaia_prunellae/		Aster_yellows_witches-broom_phytoplasma/	Asticcacaulis_benevestitus/	Asticcacaulis_biprosthecium/	Asticcacaulis_excentricus/		Atopobacter_phocae/	Atopobium_fossor/	Atopobium_minutum/	Atopobium_parvulum/	Atopobium_rimae/		Atopobium_vaginae/	Atopococcus_tabaci/	Atribacteria_bacterium_JGI_0000059-I14/	Atribacteria_bacterium_JGI_0000079-F20/	Atribacteria_bacterium_JGI_0000079-L04/	Atribacteria_bacterium_JGI_OTU-1/	Atribacteria_bacterium_SCGC_AAA252-M02/	Atribacteria_bacterium_SCGC_AAA255-E04/	Atribacteria_bacterium_SCGC_AAA255-G05/	Atribacteria_bacterium_SCGC_AAA255-N14/	Atribacteria_bacterium_SCGC_AB-164-A22/	Atribacteria_bacterium_SCGC_AB-164-D21/	Atribacteria_bacterium_SCGC_AB-164-G04/	Atribacteria_bacterium_SCGC_AB-164-P05/	Aurantimonas_coralicida/	Aurantimonas_manganoxydans/	Aureimonas_ureilytica/	Austwickia_chelonae/	Avibacterium_paragallinarum/		Azoarcus_toluclasticus/	Azohydromonas_australica/	Azonexus_hydrophilus/	Azorhizobium_caulinodans/	Azorhizobium_doebereinerae/	Azospira_oryzae/	Azospirillum_amazonense/	Azospirillum_brasilense/	Azospirillum_halopraeferens/	Azospirillum_irakense/	Azospirillum_lipoferum/		Azotobacter_vinelandii/	Azovibrio_restrictus/	Bacillus_acidiproducens/	Bacillus_aidingensis/	Bacillus_alcalophilus/	Bacillus_amyloliquefaciens/	Bacillus_anthracis/	Bacillus_aquimaris/	Bacillus_atrophaeus/	Bacillus_aurantiacus/	Bacillus_azotoformans/	Bacillus_bataviensis/	Bacillus_bogoriensis/	Bacillus_cellulosilyticus/	Bacillus_cereus/	Bacillus_chagannorensis/	Bacillus_cibi/	Bacillus_clausii/	Bacillus_coagulans/	Bacillus_coahuilensis/	Bacillus_cytotoxicus/	Bacillus_endophyticus/	Bacillus_flexus/	Bacillus_fordii/	Bacillus_ginsengihumi/	Bacillus_halodurans/	Bacillus_indicus/	Bacillus_infantis/	Bacillus_isronensis/	Bacillus_kribbensis/	Bacillus_licheniformis/	Bacillus_mannanilyticus/	Bacillus_marmarensis/	Bacillus_massilioanorexius/	Bacillus_massiliosenegalensis/	Bacillus_megaterium/	Bacillus_methanolicus/	Bacillus_methylotrophicus/	Bacillus_mojavensis/	Bacillus_mycoides/	Bacillus_nealsonii/	Bacillus_oceanisediminis/	Bacillus_panaciterrae/	Bacillus_pseudofirmus/	Bacillus_pseudomycoides/	Bacillus_psychrosaccharolyticus/	Bacillus_pumilus/	Bacillus_safensis/	Bacillus_siamensis/	Bacillus_smithii/	Bacillus_sonorensis/		Bacillus_stratosphericus/	Bacillus_subtilis/	Bacillus_tequilensis/	Bacillus_thuringiensis/	Bacillus_timonensis/	Bacillus_toyonensis/	Bacillus_vallismortis/	Bacillus_vireti/	Bacillus_weihenstephanensis/	Bacteriovorax_marinus/		Bacteroidales_bacterium_ph8/	Bacteroides_acidifaciens/	Bacteroides_barnesiae/	Bacteroides_caccae/	Bacteroides_cellulosilyticus/	Bacteroides_clarus/	Bacteroides_coprocola/	Bacteroides_coprophilus/	Bacteroides_coprosuis/	Bacteroides_dorei/	Bacteroides_eggerthii/	Bacteroides_faecichinchillae/	Bacteroides_faecis/	Bacteroides_finegoldii/	Bacteroides_fluxus/	Bacteroides_fragilis/	Bacteroides_gallinarum/	Bacteroides_graminisolvens/	Bacteroides_helcogenes/	Bacteroides_intestinalis/	Bacteroides_massiliensis/	Bacteroides_nordii/	Bacteroides_oleiciplenus/	Bacteroides_ovatus/	Bacteroides_paurosaccharolyticus/	Bacteroides_plebeius/	Bacteroides_propionicifaciens/	Bacteroides_pyogenes/	Bacteroides_rodentium/	Bacteroides_salanitronis/	Bacteroides_salyersiae/	Bacteroides_sartorii/	Bacteroides_stercorirosoris/	Bacteroides_stercoris/	Bacteroides_thetaiotaomicron/	Bacteroides_uniformis/	Bacteroides_vulgatus/	Bacteroides_xylanisolvens/	
Balneatrix_alpica/	Balneola_vulgaris/	Barnesiella_intestinihominis/	Bartonella_alsatica/	Bartonella_australis/	Bartonella_bacilliformis/	Bartonella_birtlesii/	Bartonella_clarridgeiae/	Bartonella_doshiae/	Bartonella_elizabethae/	Bartonella_grahamii/	Bartonella_henselae/	Bartonella_melophagi/	Bartonella_queenslandensis/	Bartonella_quintana/	Bartonella_rattaustraliani/	Bartonella_rattimassiliensis/	Bartonella_senegalensis/		Bartonella_tamiae/	Bartonella_taylorii/	Bartonella_tribocorum/	Bartonella_vinsonii/	Bartonella_washoensis/	Bavariicoccus_seileri/	Bdellovibrio_bacteriovorus/	Bdellovibrio_exovorus/	Beggiatoa_alba/		Beijerinckia_indica/	Belliella_baltica/	Bergeyella_zoohelcum/	Bermanella_marisrubri/	Betaproteobacteria_bacterium_MOLA814/	Beutenbergia_cavernae/	Bhargavaea_cecembensis/	Bibersteinia_trehalosi/	Bifidobacterium_adolescentis/	Bifidobacterium_angulatum/	Bifidobacterium_animalis/	Bifidobacterium_asteroides/	Bifidobacterium_bifidum/	Bifidobacterium_boum/	Bifidobacterium_breve/	Bifidobacterium_catenulatum/	Bifidobacterium_choerinum/	Bifidobacterium_dentium/	Bifidobacterium_gallicum/	Bifidobacterium_longum/	Bifidobacterium_magnum/	Bifidobacterium_minimum/	Bifidobacterium_pseudocatenulatum/	Bifidobacterium_pseudolongum/	Bifidobacterium_ruminantium/		Bifidobacterium_subtile/	Bifidobacterium_thermacidophilum/	Bifidobacterium_thermophilum/	Bifidobacterium_tsurumiense/	Bilophila_wadsworthia/	Bizionia_argentinensis/	Blastococcus_saxobsidens/		Blastomonas_sp._AAP53/	Blastomonas_sp._CACIA14H2/	Blastopirellula_marina/	Blattabacterium_punctulatus/		Blautia_hansenii/	Blautia_hydrogenotrophica/	Blautia_producta/		Blautia_wexlerae/	Bordetella_avium/	Bordetella_bronchiseptica/	Bordetella_hinzii/	Bordetella_holmesii/	Bordetella_parapertussis/	Bordetella_pertussis/	Bordetella_petrii/		Bordetella_trematum/	Borrelia_afzelii/	Borrelia_bavariensis/	Borrelia_bissettii/	Borrelia_burgdorferi/	Borrelia_coriaceae/	Borrelia_crocidurae/	Borrelia_duttonii/	Borrelia_garinii/	Borrelia_hermsii/	Borrelia_hispanica/	Borrelia_miyamotoi/	Borrelia_persica/	Borrelia_recurrentis/		Borrelia_spielmanii/	Borrelia_turicatae/	Borrelia_valaisiana/	Bosea_sp._117/	Brachybacterium_faecium/	Brachybacterium_muris/	Brachybacterium_paraconglomeratum/	Brachybacterium_squillarum/	Brachymonas_chironomi/	Brachyspira_alvinipulli/	Brachyspira_hampsonii/	Brachyspira_hyodysenteriae/	Brachyspira_innocens/	Brachyspira_intermedia/	Brachyspira_murdochii/	Brachyspira_pilosicoli/	Brackiella_oedipodis/		Bradyrhizobium_diazoefficiens/	Bradyrhizobium_elkanii/	Bradyrhizobium_genosp._SA-4/	Bradyrhizobium_japonicum/	Bradyrhizobium_liaoningense/	Bradyrhizobium_oligotrophicum/		Bradyrhizobium_yuanmingense/	Brenneria_sp._EniD312/	Brevibacillus_agri/	Brevibacillus_borstelensis/	Brevibacillus_brevis/	Brevibacillus_laterosporus/	Brevibacillus_massiliensis/	Brevibacillus_panacihumi/		Brevibacillus_thermoruber/	Brevibacterium_album/	Brevibacterium_casei/	Brevibacterium_linens/	Brevibacterium_massiliense/	Brevibacterium_mcbrellneri/	Brevibacterium_senegalense/		Brevundimonas_abyssalis/	Brevundimonas_aveniformis/	Brevundimonas_bacteroides/	Brevundimonas_diminuta/	Brevundimonas_naejangsanensis/		Brevundimonas_subvibrioides/	Brochothrix_thermosphacta/	Brucella_abortus/	Brucella_canis/	Brucella_ceti/	Brucella_inopinata/	Brucella_melitensis/	Brucella_microti/	Brucella_neotomae/	Brucella_ovis/	Brucella_pinnipedialis/		Brucella_suis/	Bryobacter_aggregatus/	Buchnera_aphidicola/	Budvicia_aquatica/	Bulleidia_extructa/	Burkholderia_acidipaludis/	Burkholderia_ambifaria/	Burkholderia_andropogonis/	Burkholderia_bannensis/	Burkholderia_bryophila/	Burkholderia_caledonica/	Burkholderia_cenocepacia/	Burkholderia_cepacia/	Burkholderia_dilworthii/	Burkholderia_dolosa/	Burkholderia_ferrariae/	Burkholderia_fungorum/	Burkholderia_gladioli/	Burkholderia_glumae/	Burkholderia_graminis/	Burkholderia_kururiensis/	Burkholderia_lata/	Burkholderia_mallei/	Burkholderia_mimosarum/	Burkholderia_multivorans/	Burkholderia_nodosa/	Burkholderia_oklahomensis/	Burkholderia_oxyphila/	Burkholderia_phenoliruptrix/	Burkholderia_phymatum/	Burkholderia_phytofirmans/	Burkholderia_pseudomallei/	Burkholderia_pyrrocinia/	Burkholderia_rhizoxinica/	Burkholderia_sordidicola/		Burkholderia_sprentiae/	Burkholderia_terrae/	Burkholderia_thailandensis/	Burkholderia_ubonensis/	Burkholderia_vietnamiensis/	Burkholderia_xenovorans/	Butyricicoccus_pullicaecorum/	Butyricimonas_synergistica/	Butyricimonas_virosa/	Butyrivibrio_crossotus/	Butyrivibrio_fibrisolvens/	Butyrivibrio_hungatei/	Butyrivibrio_proteoclasticus/		Caenispirillum_salinarum/	Caldalkalibacillus_thermarum/	Caldanaerobacter_subterraneus/	Caldanaerobius_polysaccharolyticus/	Caldibacillus_debilis/	Caldicellulosiruptor_acetigenus/	Caldicellulosiruptor_bescii/	Caldicellulosiruptor_hydrothermalis/	Caldicellulosiruptor_kristjanssonii/	Caldicellulosiruptor_kronotskyensis/	Caldicellulosiruptor_lactoaceticus/	Caldicellulosiruptor_obsidiansis/	Caldicellulosiruptor_owensensis/	Caldicellulosiruptor_saccharolyticus/		Caldicoprobacter_oshimai/	Caldilinea_aerophila/	Caldimonas_manganoxidans/	Caldiserica_bacterium_JGI_0000059-M03/	Caldisericum_exile/	Calditerrivibrio_nitroreducens/	Caldithrix_abyssi/	Calescamantes_bacterium_JGI_0000106-G12/	Calescamantes_bacterium_JGI_0000106-H18/	Calescamantes_bacterium_JGI_0000106-I17/	Calescamantes_bacterium_JGI_0000106-J16/	Calescamantes_bacterium_JGI_0000106-M22/	Calescamantes_bacterium_JGI_0000106-N5/	Calescamantes_bacterium_JGI_0000106-N7/	Calescamantes_bacterium_JGI_0000106-P5/	Calescamantes_bacterium_SCGC_AAA471-M6/	Caloramator_australicus/		Calothrix_parietina/		Calyptogena_okutanii_thioautotrophic_gill_symbiont/	Caminibacter_mediatlanticus/	Campylobacter_coli/	Campylobacter_concisus/	Campylobacter_cuniculorum/	Campylobacter_curvus/	Campylobacter_fetus/	Campylobacter_gracilis/	Campylobacter_hominis/	Campylobacter_jejuni/	Campylobacter_lari/	Campylobacter_rectus/	Campylobacter_showae/		Campylobacter_upsaliensis/	Campylobacter_ureolyticus/	Candidatus_Accumulibacter_phosphatis/	Candidatus_Aerophobus_profundus/	Candidatus_Alistipes_marseilloanorexicus/	Candidatus_Aminicenans_sakinawicola/	Candidatus_Amoebophilus_asiaticus/	Candidatus_Ancillula_trichonymphae/	Candidatus_Aquiluna_sp._IMCC13023/	Candidatus_Arthromitus_sp._SFB-1/	Candidatus_Arthromitus_sp._SFB-2/	Candidatus_Arthromitus_sp._SFB-3/	Candidatus_Arthromitus_sp._SFB-4/	Candidatus_Arthromitus_sp._SFB-5/	Candidatus_Arthromitus_sp._SFB-co/	Candidatus_Arthromitus_sp._SFB-mouse/	Candidatus_Arthromitus_sp._SFB-mouse-SU/	Candidatus_Arthromitus_sp._SFB-rat-Yit/	Candidatus_Atelocyanobacterium_thalassa/	Candidatus_Azobacteroides_pseudotrichonymphae/	Candidatus_Babela_massiliensis/	Candidatus_Baumannia_cicadellinicola/	Candidatus_Blochmannia_chromaiodes/	Candidatus_Blochmannia_floridanus/	Candidatus_Blochmannia_pennsylvanicus/	Candidatus_Blochmannia_vafer/	Candidatus_Burkholderia_kirkii/	Candidatus_Caldatribacteirum_californiense/	Candidatus_Caldatribacterium_saccharofermentans/	Candidatus_Calescibacterium_nevadense/	Candidatus_Carsonella_ruddii/	Candidatus_Chloracidobacterium_thermophilum/	Candidatus_Cloacimonas_acidaminovorans/	Candidatus_Desulforudis_audaxviator/	Candidatus_Endolissoclinum_faulkneri/	Candidatus_Fervidibacter_sacchari/	Candidatus_Glomeribacter_gigasporarum/	Candidatus_Hamiltonella_defensa/	Candidatus_Hepatobacter_penaei/	Candidatus_Hodgkinia_cicadicola/	Candidatus_Hydrogenedens_terephthalicus/	Candidatus_Kinetoplastibacterium_crithidii/	Candidatus_Kinetoplastibacterium_desouzaii/	Candidatus_Kinetoplastibacterium_galatii/	Candidatus_Kinetoplastibacterium_oncopeltii/	Candidatus_Koribacter_versatilis/	Candidatus_Latescibacter_anaerobius/	Candidatus_Liberibacter_americanus/	Candidatus_Liberibacter_asiaticus/	Candidatus_Liberibacter_solanacearum/	Candidatus_Methylomirabilis_oxyfera/	Candidatus_Microgenomatus_auricola/	Candidatus_Microthrix_parvicella/	Candidatus_Midichloria_mitochondrii/	Candidatus_Moranella_endobia/	Candidatus_Mycoplasma_haemolamae/	Candidatus_Mycoplasma_haemominutum/	Candidatus_Nasuia_deltocephalinicola/	Candidatus_Nitrospira_defluvii/	Candidatus_Odyssella_thessalonicensis/	Candidatus_Omnitrophus_fodinae/	Candidatus_Paceibacter_normanii/	Candidatus_Paracaedibacter_symbiosus/		Candidatus_Pelagibacter_ubique/	Candidatus_Photodesmus_katoptron/	Candidatus_Phytoplasma_australiense/	Candidatus_Phytoplasma_mali/	Candidatus_Poribacteria_sp._WGA-4C/	Candidatus_Poribacteria_sp._WGA-4E/	Candidatus_Poribacteria_sp._WGA-4G/	Candidatus_Poribacteria_sp._WGA-A3/	Candidatus_Portiera_aleyrodidarum/	Candidatus_Prevotella_conceptionensis/	Candidatus_Profftella_armatura/	Candidatus_Protochlamydia_amoebophila/	Candidatus_Puniceispirillum_marinum/	Candidatus_Regiella_insecticola/	Candidatus_Rickettsia_amblyommii/	Candidatus_Rickettsia_gravesii/	Candidatus_Riesia_pediculicola/	Candidatus_Ruthia_magnifica/	Candidatus_Saccharibacteria_bacterium_RAAC3_TM7_1/	Candidatus_Saccharimonas_aalborgensis/	Candidatus_Schmidhempelia_bombi/	Candidatus_Solibacter_usitatus/	Candidatus_Stoquefichus_massiliensis/	Candidatus_Sulcia_muelleri/	Candidatus_Symbiobacter_mobilis/	Candidatus_Synechococcus_spongiarum/	Candidatus_Tremblaya_phenacola/	Candidatus_Tremblaya_princeps/	Candidatus_Uzinura_diaspidicola/	Candidatus_Zinderia_insecticola/	Capnocytophaga_canimorsus/	Capnocytophaga_cynodegmi/	Capnocytophaga_gingivalis/	Capnocytophaga_granulosa/	Capnocytophaga_ochracea/		Capnocytophaga_sputigena/	Carboxydothermus_ferrireducens/	Carboxydothermus_hydrogenoformans/	Cardinium_endosymbiont_of_Encarsia_pergandiella/	Cardiobacterium_hominis/	Cardiobacterium_valvarum/	Carnimonas_nigrificans/	Carnobacterium_jeotgali/	Carnobacterium_maltaromaticum/		Catellicoccus_marimammalium/	Catelliglobosispora_koreensis/	Catenibacterium_mitsuokai/	Catenovulum_agarivorans/	Catenulispora_acidiphila/	Caulobacter_segnis/		Caulobacter_vibrioides/		Cecembia_lonarensis/	Cedecea_davisae/	Celeribacter_baekdonensis/	Cellulomonas_fimi/	Cellulomonas_flavigena/	Cellulomonas_massiliensis/		Cellulophaga_algicola/	Cellulophaga_baltica/	Cellulophaga_lytica/	Cellulosilyticum_lentocellum/	Cellulosimicrobium_cellulans/	Cellvibrio_japonicus/		Centipeda_periodontii/	Cesiribacter_andamanensis/	Cetobacterium_somerae/	Chamaesiphon_minutus/	Chelativorans_sp._BNC1/	Chelativorans_sp._J32/	Chelatococcus_sp._GW1/	Chitinibacter_tainanensis/	Chitinilyticum_aquatile/	Chitinilyticum_litopenaei/	Chitinimonas_koreensis/	Chitiniphilus_shinanonensis/	Chitinophaga_pinensis/		Chlamydia_gallinacea/	Chlamydia_ibidis/	Chlamydia_muridarum/	Chlamydia_pecorum/	Chlamydia_pneumoniae/	Chlamydia_psittaci/	Chlamydia_trachomatis/	Chlamydophila_abortus/	Chlamydophila_caviae/	Chlamydophila_felis/	Chlorobaculum_parvum/	Chlorobaculum_tepidum/	Chlorobium_chlorochromatii/	Chlorobium_ferrooxidans/	Chlorobium_limicola/	Chlorobium_phaeobacteroides/	Chlorobium_phaeovibrioides/		Chloroflexus_aggregans/	Chloroflexus_aurantiacus/		Chlorogloeopsis_fritschii/	Chloroherpeton_thalassium/		Chromobacterium_violaceum/	Chromohalobacter_salexigens/	Chroococcidiopsis_thermalis/	Chryseobacterium_caeni/	Chryseobacterium_daeguense/	Chryseobacterium_gleum/	Chryseobacterium_gregarium/	Chryseobacterium_haifense/	Chryseobacterium_hispalense/	Chryseobacterium_palustre/	Chryseobacterium_taeanense/	Chrysiogenes_arsenatis/	Chthoniobacter_flavus/	Chthonomonas_calidirosea/	Citreicella_sp._357/	Citreicella_sp._SE45/	Citricoccus_sp._CH26A/	Citrobacter_freundii/	Citrobacter_koseri/	Citrobacter_rodentium/		Citrobacter_youngae/	Citromicrobium_bathyomarinum/		Clavibacter_michiganensis/	Cloacimonetes_bacterium_JGI_0000014-D06/	Cloacimonetes_bacterium_JGI_0000014-D18/	Cloacimonetes_bacterium_JGI_0000014-H19/	Cloacimonetes_bacterium_JGI_0000014-K11/	Cloacimonetes_bacterium_JGI_0000039-A21/	Cloacimonetes_bacterium_JGI_0000039-G13/	Cloacimonetes_bacterium_JGI_0000039-I07/	Cloacimonetes_bacterium_JGI_0000039-I11/	Cloacimonetes_bacterium_JGI_0000039-I17/	Cloacimonetes_bacterium_JGI_0000039-L21/	Cloacimonetes_bacterium_JGI_0000039-M09/	Cloacimonetes_bacterium_JGI_0000039-P09/	Cloacimonetes_bacterium_JGI_0000059-F17/	Cloacimonetes_bacterium_JGI_0000059-L07/	Cloacimonetes_bacterium_JGI_0000059-P03/	Cloacimonetes_bacterium_JGI_0000059-P11/	Cloacimonetes_bacterium_JGI_OTU-1/	Cloacimonetes_bacterium_JGI_OTU-2/	Cloacimonetes_bacterium_JGI_OTU-3/	Cloacimonetes_bacterium_JGI_OTU-4/	Cloacimonetes_bacterium_JGI_OTU-5/	Cloacimonetes_bacterium_JGI_OTU-6/	Cloacimonetes_bacterium_SCGC_AAA252-D03/	Cloacimonetes_bacterium_SCGC_AAA252-E13/	Cloacimonetes_bacterium_SCGC_AAA252-E20/	Cloacimonetes_bacterium_SCGC_AAA252-F02/	Cloacimonetes_bacterium_SCGC_AAA252-G08/	Cloacimonetes_bacterium_SCGC_AAA252-I11/	Cloacimonetes_bacterium_SCGC_AAA252-I16/	Cloacimonetes_bacterium_SCGC_AAA252-K16/	Cloacimonetes_bacterium_SCGC_AAA252-L05/	Cloacimonetes_bacterium_SCGC_AAA252-L13/	Cloacimonetes_bacterium_SCGC_AAA252-M08/	Cloacimonetes_bacterium_SCGC_AAA252-N05/	Cloacimonetes_bacterium_SCGC_AAA252-N11/	Cloacimonetes_bacterium_SCGC_AAA252-N14/	Cloacimonetes_bacterium_SCGC_AAA252-N17/	Cloacimonetes_bacterium_SCGC_AAA252-O02/	Cloacimonetes_bacterium_SCGC_AAA252-O17/	Cloacimonetes_bacterium_SCGC_AAA252-P02/	Cloacimonetes_bacterium_SCGC_AAA252-P10/	Cloacimonetes_bacterium_SCGC_AAA252-P14/	Cloacimonetes_bacterium_SCGC_AAA255-B16/	Cloacimonetes_bacterium_SCGC_AAA255-C20/	Cloacimonetes_bacterium_SCGC_AAA255-L20/		Clostridiales_genomosp._BVAB3/	Clostridiisalibacter_paucivorans/	Clostridium_acetobutylicum/	Clostridium_akagii/	Clostridium_algidicarnis/	Clostridium_arbusti/	Clostridium_autoethanogenum/	Clostridium_beijerinckii/	Clostridium_botulinum/	Clostridium_butyricum/	Clostridium_cadaveris/	Clostridium_carboxidivorans/	Clostridium_celatum/	Clostridium_cellulovorans/	Clostridium_colicanis/	Clostridium_diolis/	Clostridium_drakei/	Clostridium_hydrogeniformans/	Clostridium_kluyveri/	Clostridium_ljungdahlii/	Clostridium_lundense/	Clostridium_novyi/	Clostridium_paraputrificum/	Clostridium_pasteurianum/	Clostridium_perfringens/	Clostridium_saccharobutylicum/	Clostridium_saccharoperbutylacetonicum/	Clostridium_sartagoforme/	Clostridium_scatologenes/	Clostridium_senegalense/	Clostridium_sporogenes/	Clostridium_tetani/	Clostridium_tunisiense/	Clostridium_tyrobutyricum/	Clostridium_ultunense/	Cobetia_crustatorum/	Cohnella_laeviribosi/	Cohnella_panacarvi/	Cohnella_thermotolerans/	Coleofasciculus_chthonoplastes/	Collimonas_fungivorans/	Collinsella_aerofaciens/	Collinsella_intestinalis/	Collinsella_stercoris/	Collinsella_tanakaei/	Colwellia_piezophila/	Colwellia_psychrerythraea/		Comamonas_badia/	Comamonas_composti/		Comamonas_testosteroni/	Commensalibacter_intestini/	Conchiformibius_kuhniae/	Conchiformibius_steedae/	Conexibacter_woesei/	Congregibacter_litoralis/	Coprobacillus_sp._29_1/	Coprobacillus_sp._3_3_56FAA/	Coprobacillus_sp._8_2_54BFAA/	Coprobacillus_sp._D6/	Coprobacillus_sp._D7/	Coprobacter_fastidiosus/	Coprococcus_catus/	Coprococcus_comes/	Coprococcus_eutactus/		Coprothermobacter_platensis/	Coprothermobacter_proteolyticus/	Coraliomargarita_akajimensis/	Corallococcus_coralloides/		Coriobacterium_glomerans/		Corynebacterium_accolens/	Corynebacterium_ammoniagenes/	Corynebacterium_amycolatum/	Corynebacterium_argentoratense/	Corynebacterium_aurimucosum/	Corynebacterium_bovis/	Corynebacterium_callunae/	Corynebacterium_capitovis/	Corynebacterium_casei/	Corynebacterium_caspium/	Corynebacterium_ciconiae/	Corynebacterium_crenatum/	Corynebacterium_diphtheriae/	Corynebacterium_doosanense/	Corynebacterium_durum/	Corynebacterium_efficiens/	Corynebacterium_freiburgense/	Corynebacterium_genitalium/	Corynebacterium_glucuronolyticum/	Corynebacterium_glutamicum/	Corynebacterium_halotolerans/	Corynebacterium_jeikeium/	Corynebacterium_kroppenstedtii/	Corynebacterium_lipophiloflavum/	Corynebacterium_lubricantis/	Corynebacterium_maris/	Corynebacterium_massiliense/	Corynebacterium_mastitidis/	Corynebacterium_matruchotii/	Corynebacterium_nuruki/	Corynebacterium_pilosum/	Corynebacterium_propinquum/	Corynebacterium_pseudodiphtheriticum/	Corynebacterium_pseudogenitalium/	Corynebacterium_pseudotuberculosis/	Corynebacterium_pyruviciproducens/	Corynebacterium_resistens/	Corynebacterium_sputi/	Corynebacterium_striatum/	Corynebacterium_terpenotabidum/	Corynebacterium_timonense/	Corynebacterium_tuberculostearicum/	Corynebacterium_ulcerans/	Corynebacterium_ulceribovis/	Corynebacterium_urealyticum/	Corynebacterium_variabile/	Coxiella_burnetii/	Crinalium_epipsammum/	Croceibacter_atlanticus/	Crocinitomix_catalasitica/	Crocosphaera_watsonii/	Cronobacter_condimenti/	Cronobacter_dublinensis/	Cronobacter_helveticus/	Cronobacter_malonaticus/	Cronobacter_muytjensii/	Cronobacter_pulveris/	Cronobacter_sakazakii/		Cronobacter_turicensis/	Cronobacter_universalis/	Cronobacter_zurichensis/	Cryocola_sp._340MFSha3.1/	Cryptobacterium_curtum/	Cucumibacter_marinus/	Cupriavidus_basilensis/	Cupriavidus_metallidurans/	Cupriavidus_necator/	Cupriavidus_pinatubonensis/		Cupriavidus_taiwanensis/	Curtobacterium_flaccumfaciens/	Curvibacter_gracilis/	Curvibacter_lanceolatus/	Cyanobacterium_aponinum/	Cyanobacterium_stanieri/	Cyanobium_gracile/	Cyanothece_sp._ATCC_51142/	Cyanothece_sp._ATCC_51472/	Cyanothece_sp._CCY0110/	Cyanothece_sp._PCC_7424/	Cyanothece_sp._PCC_7425/	Cyanothece_sp._PCC_7822/	Cyanothece_sp._PCC_8801/	Cyanothece_sp._PCC_8802/		Cyclobacterium_marinum/	Cyclobacterium_qasimii/	Cycloclasticus_pugetii/		Cycloclasticus_zancles/	Cylindrospermopsis_raciborskii/	Cylindrospermum_stagnale/	Cystobacter_fuscus/	Cytophaga_aurantiaca/	Cytophaga_fermentans/	Cytophaga_hutchinsonii/		Dactylococcopsis_salina/	Dasania_marina/	Dechloromonas_agitata/	Dechloromonas_aromatica/	Deefgea_rivuli/	Deferribacter_desulfuricans/	Deferrisoma_camini/	Dehalobacter_sp._CF/	Dehalobacter_sp._DCA/	Dehalobacter_sp._E1/	Dehalobacter_sp._FTH1/	Dehalobacter_sp._UNSWDHB/	Dehalococcoides_mccartyi/	Dehalococcoidia_bacterium_Dsc1/	Dehalococcoidia_bacterium_DscP2/	Dehalococcoidia_bacterium_SCGC_AB-539-J10/	Dehalogenimonas_lykanthroporepellens/	Deinococcus-Thermus_bacterium_JGI_0000112-G17/	Deinococcus_apachensis/	Deinococcus_aquatilis/	Deinococcus_deserti/	Deinococcus_ficus/	Deinococcus_frigens/	Deinococcus_geothermalis/	Deinococcus_gobiensis/	Deinococcus_maricopensis/	Deinococcus_marmoris/	Deinococcus_murrayi/	Deinococcus_peraridilitoris/	Deinococcus_pimensis/	Deinococcus_proteolyticus/	Deinococcus_radiodurans/		Deinococcus_wulumuqiensis/	Deinococcus_xibeiensis/	Delftia_acidovorans/		Deltaproteobacteria_bacterium_SCGC_AAA003-F15/	Demetria_terragena/	Denitrovibrio_acetiphilus/	Dermabacter_sp._HFH0086/	Dermacoccus_sp._Ellin185/	Dermatophilus_congolensis/	Derxia_gummosa/	Desmospora_sp._8437/	Desulfarculus_baarsii/	Desulfatibacillum_aliphaticivorans/	Desulfatibacillum_alkenivorans/	Desulfatiglans_anilini/	Desulfatirhabdium_butyrativorans/	Desulfitibacter_alkalitolerans/	Desulfitobacterium_dehalogenans/	Desulfitobacterium_dichloroeliminans/	Desulfitobacterium_hafniense/	Desulfitobacterium_metallireducens/		Desulfobacca_acetoxidans/	Desulfobacter_curvatus/	Desulfobacter_postgatei/	Desulfobacterium_anilini/	Desulfobacterium_autotrophicum/	Desulfobacula_toluolica/	Desulfobulbus_elongatus/	Desulfobulbus_japonicus/	Desulfobulbus_mediterraneus/	Desulfobulbus_propionicus/		Desulfocapsa_sulfexigens/	Desulfococcus_multivorans/	Desulfococcus_oleovorans/	Desulfocurvus_vexinensis/	Desulfohalobium_retbaense/	Desulfomicrobium_baculatum/	Desulfomicrobium_escambiense/	Desulfomonile_tiedjei/	Desulfonatronospira_thiodismutans/	Desulfonatronovibrio_hydrogenovorans/	Desulfonatronum_lacustre/	Desulfonatronum_thiodismutans/	Desulfonauticus_sp._A7A/	Desulforegula_conservatrix/	Desulfosarcina_sp._BuS5/	Desulfospira_joergensenii/	Desulfosporosinus_acidiphilus/	Desulfosporosinus_meridiei/	Desulfosporosinus_orientis/		Desulfosporosinus_youngiae/	Desulfotalea_psychrophila/	Desulfotignum_balticum/	Desulfotignum_phosphitoxidans/	Desulfotomaculum_acetoxidans/	Desulfotomaculum_alcoholivorax/	Desulfotomaculum_alkaliphilum/	Desulfotomaculum_carboxydivorans/	Desulfotomaculum_gibsoniae/	Desulfotomaculum_hydrothermale/	Desulfotomaculum_kuznetsovii/	Desulfotomaculum_nigrificans/	Desulfotomaculum_reducens/	Desulfotomaculum_ruminis/	Desulfotomaculum_thermocisternum/	Desulfovermiculus_halophilus/	Desulfovibrio_acrylicus/	Desulfovibrio_aespoeensis/	Desulfovibrio_africanus/	Desulfovibrio_alaskensis/	Desulfovibrio_alcoholivorans/	Desulfovibrio_alkalitolerans/	Desulfovibrio_aminophilus/	Desulfovibrio_bastinii/	Desulfovibrio_cuneatus/	Desulfovibrio_desulfuricans/	Desulfovibrio_frigidus/	Desulfovibrio_fructosivorans/	Desulfovibrio_gigas/	Desulfovibrio_hydrothermalis/	Desulfovibrio_inopinatus/	Desulfovibrio_longus/	Desulfovibrio_magneticus/	Desulfovibrio_oxyclinae/	Desulfovibrio_piezophilus/	Desulfovibrio_piger/	Desulfovibrio_putealis/	Desulfovibrio_salexigens/	Desulfovibrio_vulgaris/	Desulfovibrio_zosterae/	Desulfovirgula_thermocuniculi/	Desulfurispirillum_indicum/	Desulfurispora_thermophila/	Desulfurivibrio_alkaliphilus/	Desulfurobacterium_thermolithotrophum/	Desulfuromonas_acetoxidans/	Dethiobacter_alkaliphilus/	Dethiosulfovibrio_peptidovorans/	Dialister_invisus/	Dialister_micraerophilus/	Dialister_succinatiphilus/	Dichelobacter_nodosus/	Dickeya_chrysanthemi/	Dickeya_dadantii/	Dickeya_dianthicola/	Dickeya_paradisiaca/	Dickeya_solani/		Dickeya_zeae/	Dictyoglomus_thermophilum/	Dictyoglomus_turgidum/	Dielma_fastidiosa/	Dietzia_alimentaria/	Dietzia_cinnamea/		Dinoroseobacter_shibae/	Diplorickettsia_massiliensis/	Diplosphaera_colitermitum/	Dokdonia_sp._4H-3-7-5/	Dolichospermum_circinale/	Dolosigranulum_pigrum/	Donghicola_xiamenensis/	Dongia_sp._URHE0060/	Dorea_formicigenerans/	Dorea_longicatena/		Duganella_zoogloeoides/	Dyadobacter_alkalitolerans/	Dyadobacter_beijingensis/	Dyadobacter_crusticola/	Dyadobacter_fermentans/	Dyadobacter_tibetensis/	Dyella_ginsengisoli/	Dyella_japonica/	Dysgonomonas_capnocytophagoides/	Dysgonomonas_gadei/	Dysgonomonas_mossii/	EM3_bacterium_JGI_0000106-B10/	Echinicola_pacifica/	Echinicola_vietnamensis/	Ectothiorhodospira_haloalkaliphila/	Edwardsiella_hoshinae/	Edwardsiella_ictaluri/	Edwardsiella_piscicida/	Edwardsiella_tarda/	Eggerthella_lenta/		Eggerthia_catenaformis/	Ehrlichia_canis/	Ehrlichia_chaffeensis/	Ehrlichia_muris/	Ehrlichia_ruminantium/	Eikenella_corrodens/	Elioraea_tepidiphila/	Elizabethkingia_anophelis/	Elizabethkingia_meningoseptica/	Elusimicrobium_minutum/	Empedobacter_brevis/	Emticicia_oligotrophica/	Endoriftia_persephone/	Endozoicomonas_elysicola/	Enhydrobacter_aerosaccus/	Enorma_massiliensis/	Ensifer_sp._BR816/	Ensifer_sp._JGI_0001011-A08/	Ensifer_sp._TW10/	Ensifer_sp._USDA_6670/	Ensifer_sp._WSM1721/	Enterobacter_aerogenes/	Enterobacter_asburiae/	Enterobacter_cancerogenus/	Enterobacter_cloacae/	Enterobacter_hormaechei/	Enterobacter_lignolyticus/	Enterobacter_massiliensis/	Enterobacter_mori/	Enterobacter_sacchari/		Enterococcus_asini/	Enterococcus_avium/	Enterococcus_caccae/	Enterococcus_casseliflavus/	Enterococcus_cecorum/	Enterococcus_columbae/	Enterococcus_dispar/	Enterococcus_durans/	Enterococcus_faecalis/	Enterococcus_faecium/	Enterococcus_gallinarum/	Enterococcus_gilvus/	Enterococcus_haemoperoxidus/	Enterococcus_hirae/	Enterococcus_italicus/	Enterococcus_malodoratus/	Enterococcus_moraviensis/	Enterococcus_mundtii/	Enterococcus_pallens/	Enterococcus_phoeniculicola/	Enterococcus_raffinosus/	Enterococcus_saccharolyticus/		Enterococcus_sulfureus/	Enterococcus_villorum/	Enterorhabdus_caecimuris/	Enterorhabdus_mucosicola/	Enterovibrio_calviensis/	Enterovibrio_norvegicus/	Entomoplasma_lucivorax/	Entomoplasma_luminosum/	Entomoplasma_melaleucae/	Entomoplasma_somnilux/	Epilithonimonas_tenax/	Epulopiscium_sp._N.t._morphotype_B/	Eremococcus_coleocola/	Erwinia_amylovora/	Erwinia_billingiae/	Erwinia_chrysanthemi/	Erwinia_pyrifoliae/		Erwinia_tasmaniensis/	Erwinia_toletana/	Erwinia_tracheiphila/	Erysipelatoclostridium_ramosum/	Erysipelothrix_rhusiopathiae/	Erysipelothrix_tonsillarum/		Erythrobacter_litoralis/		Escherichia_albertii/	Escherichia_coli/	Escherichia_fergusonii/	Escherichia_hermannii/		Ethanoligenens_harbinense/	Eubacterium_brachy/	Eubacterium_desmolans/	Eubacterium_limosum/	Eubacterium_plexicaudatum/	Eubacterium_ramulus/	Eubacterium_rectale/	Eubacterium_saphenum/		Eubacterium_ventriosum/	Eubacterium_xylanophilum/	Eudoraea_adriatica/	Exiguobacterium_acetylicum/	Exiguobacterium_antarcticum/	Exiguobacterium_aurantiacum/	Exiguobacterium_marinum/	Exiguobacterium_oxidotolerans/	Exiguobacterium_pavilionensis/	Exiguobacterium_sibiricum/		Exiguobacterium_undae/	Facklamia_hominis/	Facklamia_ignava/	Facklamia_languida/	Facklamia_sourekii/	Faecalibacterium_prausnitzii/	Fangia_hongkongensis/	Ferrimonas_balearica/	Ferrimonas_futtsuensis/	Ferrimonas_kyonanensis/	Ferrimonas_senticii/	Ferrovum_myxofaciens/	Fervidobacterium_nodosum/	Fervidobacterium_pennivorans/	Fibrella_aestuarina/	Fibrisoma_limi/	Fibrobacter_succinogenes/	Fictibacillus_gelatini/	Fictibacillus_macauensis/	Filifactor_alocis/	Finegoldia_magna/	Firmicutes_bacterium_ASF500/	Firmicutes_bacterium_JGI_0000112-J22/	Firmicutes_bacterium_JGI_0000112-L22/	Firmicutes_bacterium_JGI_0000112-P22/	Firmicutes_bacterium_JGI_0000119-C08/	Firmicutes_bacterium_JGI_0000119-P10/	Firmicutes_bacterium_M10-2/	Fischerella_muscicola/		Fischerella_thermalis/		Flavobacterium_antarcticum/	Flavobacterium_branchiophilum/	Flavobacterium_cauense/	Flavobacterium_chungangense/	Flavobacterium_columnare/	Flavobacterium_daejeonense/	Flavobacterium_denitrificans/	Flavobacterium_enshiense/	Flavobacterium_filum/	Flavobacterium_frigidarium/	Flavobacterium_frigoris/	Flavobacterium_gelidilacus/	Flavobacterium_indicum/	Flavobacterium_johnsoniae/	Flavobacterium_limnosediminis/	Flavobacterium_psychrophilum/	Flavobacterium_rivuli/	Flavobacterium_saliperosum/	Flavobacterium_sasangense/	Flavobacterium_soli/		Flavobacterium_subsaxonicum/	Flavobacterium_succinicans/	Flavobacterium_suncheonense/	Flavobacterium_tegetincola/	Flavonifractor_plautii/	Flectobacillus_major/	Flexibacter_elegans/	Flexibacter_litoralis/	Flexibacter_roseolus/	Flexistipes_sinusarabici/	Flexithrix_dorotheae/	Fluoribacter_dumoffii/	Fluviicola_taffensis/	Fodinicurvata_fenggangensis/	Fodinicurvata_sediminis/	Formosa_sp._AK20/	Francisella_noatunensis/	Francisella_philomiragia/		Francisella_tularensis/	Frankia_alni/	Frankia_symbiont_of_Datisca_glomerata/	Frateuria_aurantia/	Fretibacterium_fastidiosum/	Fructobacillus_fructosus/	Fulvimarina_pelagi/	Fulvivirga_imtechensis/	Fusobacterium_gonidiaformans/	Fusobacterium_mortiferum/	Fusobacterium_necrophorum/	Fusobacterium_nucleatum/	Fusobacterium_perfoetens/	Fusobacterium_periodonticum/	Fusobacterium_russii/		Fusobacterium_ulcerans/	Fusobacterium_varium/	Gaetbulibacter_saemankumensis/	Galbibacter_marinus/	Gallaecimonas_xiamenensis/	Gallibacterium_anatis/	Gallionella_capsiferriformans/		Gammaproteobacteria_bacterium_SCGC_AAA003-E02/	Gardnerella_vaginalis/	Gayadomonas_joobiniege/	Geitlerinema_sp._PCC_7105/	Geitlerinema_sp._PCC_7407/	Gelidibacter_mesophilus/	Gemella_bergeri/	Gemella_cuniculi/	Gemella_haemolysans/	Gemella_morbillorum/	Gemella_sanguinis/	Geminicoccus_roseus/	Geminocystis_herdmanii/	Gemmata_obscuriglobus/		Gemmatimonas_aurantiaca/	Gemmobacter_nectariphilus/	Geobacillus_caldoxylosilyticus/	Geobacillus_kaustophilus/	Geobacillus_sp._A8/	Geobacillus_sp._C56-T3/	Geobacillus_sp._CAMR5420/	Geobacillus_sp._FW23/	Geobacillus_sp._G11MC16/	Geobacillus_sp._G1w1/	Geobacillus_sp._GHH01/	Geobacillus_sp._JF8/	Geobacillus_sp._MAS1/	Geobacillus_sp._WCH70/	Geobacillus_sp._WSUCF1/	Geobacillus_sp._Y4.1MC1/	Geobacillus_sp._Y412MC52/	Geobacillus_sp._Y412MC61/	Geobacillus_stearothermophilus/	Geobacillus_thermocatenulatus/	Geobacillus_thermodenitrificans/	Geobacillus_thermoglucosidasius/	Geobacillus_thermoleovorans/	Geobacillus_vulcani/	Geobacter_bemidjiensis/	Geobacter_bremensis/	Geobacter_daltonii/	Geobacter_lovleyi/	Geobacter_metallireducens/		Geobacter_sulfurreducens/	Geobacter_uraniireducens/	Geodermatophilus_obscurus/	Geopsychrobacter_electrodiphilus/	Geothrix_fermentans/	Geovibrio_sp._L21-Ace-BES/	Gillisia_limnaea/	Gillisia_marina/		Gilvimarinus_chinensis/	Glaciecola_agarilytica/	Glaciecola_arctica/	Glaciecola_chathamensis/	Glaciecola_lipolytica/	Glaciecola_mesophila/	Glaciecola_nitratireducens/	Glaciecola_pallidula/	Glaciecola_polaris/	Glaciecola_psychrophila/	Glaciecola_punicea/		Glaciibacter_superstes/	Gloeobacter_kilaueensis/	Gloeobacter_violaceus/	Gloeocapsa_sp._PCC_73106/	Gloeocapsa_sp._PCC_7428/	Glomeribacter_sp._1016415/	Gluconacetobacter_diazotrophicus/		Gluconobacter_frateurii/	Gluconobacter_morbifer/	Gluconobacter_oxydans/	Gluconobacter_thailandicus/	Glycomyces_arizonensis/	Glycomyces_tenuis/	Gordonia_aichiensis/	Gordonia_alkanivorans/	Gordonia_amarae/	Gordonia_amicalis/	Gordonia_araii/	Gordonia_bronchialis/	Gordonia_effusa/	Gordonia_hirsuta/	Gordonia_kroppenstedtii/	Gordonia_malaquae/	Gordonia_namibiensis/	Gordonia_neofelifaecis/	Gordonia_otitidis/	Gordonia_paraffinivorans/	Gordonia_polyisoprenivorans/	Gordonia_rhizosphera/	Gordonia_rubripertincta/	Gordonia_shandongensis/	Gordonia_sihwensis/	Gordonia_soli/		Gordonia_sputi/	Gordonia_terrae/	Gordonibacter_pamelaeae/	Gottschalkia_acidurici/	Gracilibacillus_halophilus/	Gracilibacillus_lacisalsi/	Gracilimonas_tropica/	Gramella_echinicola/	Gramella_forsetii/	Gramella_portivictoriae/	Granulibacter_bethesdensis/	Granulicatella_adiacens/	Granulicatella_elegans/	Granulicella_mallensis/	Granulicella_tundricola/	Granulicoccus_phenolivorans/	Grimontia_hollisae/		Gryllotalpicola_ginsengisoli/	Gulosibacter_molinativorax/	Haemophilus_aegyptius/	Haemophilus_ducreyi/	Haemophilus_haemolyticus/	Haemophilus_influenzae/	Haemophilus_parahaemolyticus/	Haemophilus_parainfluenzae/	Haemophilus_paraphrohaemolyticus/	Haemophilus_parasuis/	Haemophilus_pittmaniae/	Haemophilus_sputorum/	Hafnia_alvei/	Hahella_chejuensis/	Hahella_ganghwensis/	Halalkalibacillus_halophilus/	Halanaerobium_hydrogeniformans/	Halanaerobium_praevalens/	Halanaerobium_saccharolyticum/	Haliangium_ochraceum/	Haliea_salexigens/	Haliscomenobacter_hydrossis/	Hallella_seregens/	Halobacillus_halophilus/	Halobacillus_kuroshimensis/		Halobacteroides_halobius/	Haloglycomyces_albus/	Halomonas_alkaliantarctica/	Halomonas_anticariensis/	Halomonas_boliviensis/	Halomonas_elongata/	Halomonas_halocynthiae/	Halomonas_halodenitrificans/	Halomonas_jeotgali/	Halomonas_lutea/	Halomonas_smyrnensis/	Halomonas_stevensii/	Halomonas_titanicae/	Halomonas_zhanjiangensis/	Halomonas_zincidurans/	Halonatronum_saccharophilum/	Haloplasma_contractile/	Halorhodospira_halochloris/	Halorhodospira_halophila/	Halotalea_alkalilenta/	Halothece_sp._PCC_7418/	Halothermothrix_orenii/	Halothiobacillus_neapolitanus/	Halyomorpha_halys_symbiont/	Hamadaea_tsunoensis/	Helcococcus_kunzii/	Helcococcus_sueciensis/	Helicobacter_acinonychis/	Helicobacter_bilis/	Helicobacter_bizzozeronii/	Helicobacter_canadensis/	Helicobacter_canis/	Helicobacter_cetorum/	Helicobacter_cinaedi/	Helicobacter_felis/	Helicobacter_fennelliae/	Helicobacter_hepaticus/	Helicobacter_macacae/	Helicobacter_mustelae/	Helicobacter_pametensis/	Helicobacter_pullorum/	Helicobacter_pylori/	Helicobacter_rodentium/	Helicobacter_suis/	Helicobacter_winghamensis/	Heliobacterium_modesticaldum/	Hellea_balneolensis/	Henriciella_marina/	Herbaspirillum_frisingense/	Herbaspirillum_huttiense/	Herbaspirillum_lusitanum/	Herbaspirillum_massiliense/	Herbaspirillum_rubrisubalbicans/	Herbaspirillum_seropedicae/		Herbidospora_cretacea/	Herminiimonas_arsenicoxydans/		Herpetosiphon_aurantiacus/	Hippea_alviniae/	Hippea_maritima/		Hirschia_baltica/	Hirschia_maritima/	Histophilus_somni/	Hoeflea_phototrophica/		Holdemania_filiformis/	Holdemania_massiliensis/	Holophaga_foetida/	Holospora_obtusa/	Holospora_undulata/	Humibacter_albus/	Hydrocarboniphaga_effusa/	Hydrogenedentes_bacterium_JGI_0000039-J10/	Hydrogenedentes_bacterium_JGI_0000059-N10/	Hydrogenedentes_bacterium_JGI_0000077-D07/	Hydrogenedentes_bacterium_JGI_0000077-O16/	Hydrogenivirga_sp._128-5-R1-1/	Hydrogenobacter_thermophilus/	Hydrogenobaculum_sp._HO/	Hydrogenobaculum_sp._SN/	Hydrogenobaculum_sp._Y04AAS1/	Hydrogenophaga_sp._PBC/	Hydrogenovibrio_marinus/	Hylemonella_gracilis/	Hymenobacter_aerophilus/	Hymenobacter_norwichensis/	Hyphomicrobium_denitrificans/	Hyphomicrobium_nitrativorans/	Hyphomicrobium_zavarzinii/	Hyphomonas_neptunium/	Ideonella_sp._B508-1/	Idiomarina_baltica/	Idiomarina_loihiensis/	Idiomarina_sediminum/		Idiomarina_xiamenensis/	Ignatzschineria_larvae/	Ignavibacterium_album/	Ilumatobacter_coccineus/	Ilumatobacter_nonamiensis/	Ilyobacter_polytropus/	Imtechella_halotolerans/	Indibacter_alkaliphilus/	Inquilinus_limosus/	Intestinibacter_bartlettii/	Intestinimonas_butyriciproducens/	Intrasporangium_calvum/	Isoptericola_variabilis/	Isosphaera_pallida/	Italian_clover_phyllody_phytoplasma/	Janibacter_hoylei/		Jannaschia_sp._CCS1/	Janthinobacterium_lividum/		Jeotgalicoccus_marinus/	Jeotgalicoccus_psychrophilus/	Jiangella_gansuensis/	Johnsonella_ignava/	Jonesia_denitrificans/	Jonesia_quinghaiensis/	Jonquetella_anthropi/	Joostella_marina/	Kaistia_adipata/	Kaistia_granuli/	Kallipyga_massiliensis/	Kamptonema_formosum/	Kandleria_vitulina/	Kangiella_aquimarina/	Kangiella_koreensis/	Ketogulonicigenium_vulgare/	Kiloniella_laminariae/	Kineococcus_radiotolerans/	Kineosphaera_limosa/	Kinetoplastibacterium_blastocrithidii/	Kingella_denitrificans/	Kingella_kingae/	Kingella_oralis/	Kitasatospora_setae/	Klebsiella_michiganensis/	Klebsiella_oxytoca/	Klebsiella_pneumoniae/	Klebsiella_variicola/	Kocuria_atrinae/	Kocuria_palustris/	Kocuria_rhizophila/		Komagataeibacter_europaeus/	Komagataeibacter_hansenii/	Komagataeibacter_kakiaceti/	Komagataeibacter_medellinensis/	Komagataeibacter_oboediens/	Kordia_algicida/	Kordiimonas_gwangyangensis/	Kosakonia_radicincitans/	Kosakonia_sacchari/	Kosmotoga_olearia/	Kozakia_baliensis/	Kribbella_catacumbae/	Kribbella_flavida/	Ktedonobacter_racemifer/	Kurthia_huakuii/	Kurthia_massiliensis/		Kushneria_aurantia/	Kutzneria_albida/	Kyrpidia_tusciae/	Kytococcus_sedentarius/	Labrenzia_aggregata/	Labrenzia_alexandrii/		Laceyella_sacchari/	Lachnoanaerobaculum_saburreum/		Lachnobacterium_bovis/	Lachnoclostridium_phytofermentans/	Lachnospira_multipara/	Lacinutrix_sp._5H-3-7-4/	Lacticigenium_naphtae/	Lactobacillus_acidipiscis/	Lactobacillus_acidophilus/	Lactobacillus_amylolyticus/	Lactobacillus_amylovorus/	Lactobacillus_animalis/	Lactobacillus_antri/	Lactobacillus_apodemi/	Lactobacillus_brevis/	Lactobacillus_buchneri/	Lactobacillus_casei/	Lactobacillus_ceti/	Lactobacillus_coleohominis/	Lactobacillus_coryniformis/	Lactobacillus_crispatus/	Lactobacillus_curvatus/	Lactobacillus_delbrueckii/	Lactobacillus_equi/	Lactobacillus_equicursoris/	Lactobacillus_fabifermentans/	Lactobacillus_farciminis/	Lactobacillus_fermentum/	Lactobacillus_florum/	Lactobacillus_fructivorans/	Lactobacillus_fuchuensis/	Lactobacillus_gallinarum/	Lactobacillus_gasseri/	Lactobacillus_gastricus/	Lactobacillus_gigeriorum/	Lactobacillus_hamsteri/	Lactobacillus_harbinensis/	Lactobacillus_hayakitensis/	Lactobacillus_helveticus/	Lactobacillus_hilgardii/	Lactobacillus_hominis/	Lactobacillus_iners/	Lactobacillus_ingluviei/	Lactobacillus_jensenii/	Lactobacillus_johnsonii/	Lactobacillus_kefiranofaciens/	Lactobacillus_kisonensis/	Lactobacillus_kitasatonis/	Lactobacillus_malefermentans/	Lactobacillus_mali/	Lactobacillus_mucosae/	Lactobacillus_murinus/	Lactobacillus_namurensis/	Lactobacillus_nodensis/	Lactobacillus_oris/	Lactobacillus_otakiensis/	Lactobacillus_parabrevis/	Lactobacillus_paracasei/	Lactobacillus_parafarraginis/	Lactobacillus_paralimentarius/	Lactobacillus_pasteurii/	Lactobacillus_pentosus/	Lactobacillus_plantarum/	Lactobacillus_pobuzihii/	Lactobacillus_psittaci/	Lactobacillus_reuteri/	Lactobacillus_rhamnosus/	Lactobacillus_rossiae/	Lactobacillus_ruminis/	Lactobacillus_saerimneri/	Lactobacillus_sakei/	Lactobacillus_salivarius/	Lactobacillus_sanfranciscensis/	Lactobacillus_shenzhenensis/		Lactobacillus_suebicus/	Lactobacillus_ultunensis/	Lactobacillus_vaginalis/	Lactobacillus_versmoldensis/	Lactobacillus_vini/	Lactobacillus_zeae/	Lactococcus_chungangensis/	Lactococcus_garvieae/	Lactococcus_lactis/	Lactococcus_raffinolactis/	Lamprocystis_purpurea/	Laribacter_hongkongensis/	Latescibacteria_bacterium_JGI_0000059-A10/	Latescibacteria_bacterium_SCGC_AAA252-B13/	Latescibacteria_bacterium_SCGC_AAA252-D10/	Latescibacteria_bacterium_SCGC_AAA257-K07/	Lautropia_mirabilis/	Lawsonia_intracellularis/	Leadbetterella_byssophila/	Lebetimonas_sp._JH292/	Lebetimonas_sp._JH369/	Lebetimonas_sp._JS032/	Lebetimonas_sp._JS085/	Lebetimonas_sp._JS138/	Lebetimonas_sp._JS170/	Lechevalieria_aerocolonigenes/	Leclercia_adecarboxylata/	Leeia_oryzae/	Leeuwenhoekiella_blandensis/		Legionella_anisa/	Legionella_cherrii/	Legionella_drancourtii/	Legionella_fairfieldensis/	Legionella_geestiana/	Legionella_lansingensis/	Legionella_longbeachae/	Legionella_moravica/	Legionella_pneumophila/	Legionella_sainthelensi/	Legionella_shakespearei/	Legionella_tunisiensis/	Legionella_wadsworthii/	Leifsonia_aquatica/	Leifsonia_rubra/		Leifsonia_xyli/	Leisingera_aquimarina/	Leisingera_caerulea/	Leisingera_daeponensis/	Leisingera_methylohalidivorans/	Leisingera_nanhaiensis/	Lelliottia_amnigena/	Leminorella_grimontii/	Lentibacillus_jeotgali/	Lentisphaera_araneosa/		Lentzea_albidocapillata/	Leptolyngbya_boryana/		Leptolyngbya_valderiana/	Leptonema_illini/	Leptospira_alexanderi/	Leptospira_alstoni/	Leptospira_alstonii/	Leptospira_biflexa/	Leptospira_borgpetersenii/	Leptospira_broomii/	Leptospira_fainei/	Leptospira_inadai/	Leptospira_interrogans/	Leptospira_kirschneri/	Leptospira_kmetyi/	Leptospira_licerasiae/	Leptospira_meyeri/	Leptospira_noguchii/	Leptospira_santarosai/	Leptospira_terpstrae/	Leptospira_vanthielii/	Leptospira_weilii/	Leptospira_wolbachii/	Leptospira_wolffii/	Leptospira_yanagawae/	Leptospirillum_ferriphilum/	Leptospirillum_ferrooxidans/	Leptothrix_cholodnii/	Leptothrix_ochracea/	Leptotrichia_buccalis/	Leptotrichia_goodfellowii/	Leptotrichia_hofstadii/	Leptotrichia_shahii/		Leptotrichia_trevisanii/	Leptotrichia_wadei/	Leucobacter_chironomi/	Leucobacter_chromiiresistens/	Leucobacter_salsicius/		Leuconostoc_carnosum/	Leuconostoc_citreum/	Leuconostoc_fallax/	Leuconostoc_gasicomitatum/	Leuconostoc_gelidum/	Leuconostoc_inhae/	Leuconostoc_kimchii/	Leuconostoc_lactis/	Leuconostoc_mesenteroides/	Leuconostoc_pseudomesenteroides/	Leucothrix_mucor/	Lewinella_cohaerens/	Lewinella_persica/	Liberibacter_crescens/	Limnobacter_sp._MED105/	Limnohabitans_sp._Rim28/	Limnohabitans_sp._Rim47/	Listeria_fleischmannii/	Listeria_grayi/	Listeria_innocua/	Listeria_ivanovii/	Listeria_marthii/	Listeria_monocytogenes/	Listeria_seeligeri/	Listeria_welshimeri/	Loktanella_cinnabarina/	Loktanella_hongkongensis/	Loktanella_vestfoldensis/	Longispora_albida/	Lonsdalea_quercina/	Luminiphilus_syltensis/	Luteimonas_huabeiensis/	Luteimonas_mephitis/	Luteimonas_sp._J29/	Lutibaculum_baratangense/	Lyngbya_aestuarii/	Lyngbya_sp._PCC_8106/	Lysinibacillus_boronitolerans/	Lysinibacillus_fusiformis/	Lysinibacillus_sphaericus/	Lysobacter_antibioticus/	Lysobacter_defluvii/		Macrococcus_caseolyticus/	Magnetococcus_marinus/	Magnetospirillum_gryphiswaldense/	Magnetospirillum_magneticum/	Magnetospirillum_magnetotacticum/		Mahella_australiensis/	Mannheimia_granulomatis/	Mannheimia_haemolytica/	Mannheimia_succiniciproducens/	Maribacter_antarcticus/	Maricaulis_maris/	Marichromatium_purpuratum/	Marinilabilia_salmonicolor/		Marinimicrobium_agarilyticum/		Mariniradius_saccharolyticus/	Marinithermus_hydrothermalis/	Marinitoga_piezophila/	Marinobacter_adhaerens/	Marinobacter_algicola/	Marinobacter_daepoensis/	Marinobacter_hydrocarbonoclasticus/	Marinobacter_lipolyticus/	Marinobacter_manganoxydans/	Marinobacter_nanhaiticus/	Marinobacter_santoriniensis/	Marinobacterium_jannaschii/	Marinobacterium_litorale/	Marinobacterium_rhizophilum/	Marinobacterium_stanieri/	Marinococcus_halotolerans/	Marinomonas_mediterranea/	Marinomonas_posidonica/	Marinospirillum_insulare/	Marinospirillum_minutulum/	Mariprofundus_ferrooxydans/	Maritalea_myrionectae/	Maritimibacter_alkaliphilus/	Marivirga_tractuosa/	Marmoricola_aequoreus/	Marmoricola_sp._URHB0036/	Martelella_mediterranea/	Martelella_sp._AD-3/	Marvinbryantia_formatexigens/	Massilia_alkalitolerans/	Massilia_niastensis/	Massilia_sp._JGI_0001003-B08/	Massilia_timonae/	Mastigocladopsis_repens/	Mastigocoleus_testarum/	Megamonas_funiformis/	Megamonas_hypermegale/	Megamonas_rupellensis/	Meganema_perideroedes/	Megasphaera_elsdenii/	Megasphaera_micronuciformis/		Meiothermus_cerbereus/	Meiothermus_chliarophilus/	Meiothermus_ruber/	Meiothermus_rufus/	Meiothermus_silvanus/	Meiothermus_taiwanensis/	Meiothermus_timidus/	Melioribacter_roseus/	Melissococcus_plutonius/	Melitea_salexigens/	Mesoflavibacter_zeaxanthinifaciens/	Mesonia_mobilis/	Mesoplasma_chauliocola/	Mesoplasma_florum/	Mesoplasma_grammopterae/	Mesoplasma_photuris/	Mesoplasma_seiffertii/	Mesoplasma_syrphidae/	Mesorhizobium_alhagi/	Mesorhizobium_amorphae/	Mesorhizobium_australicum/	Mesorhizobium_ciceri/	Mesorhizobium_loti/	Mesorhizobium_metallidurans/	Mesorhizobium_opportunistum/	Mesotoga_infera/	Mesotoga_prima/	Metascardovia_criceti/	Methylacidiphilum_fumariolicum/	Methylacidiphilum_infernorum/	Methylibium_petroleiphilum/	Methylobacillus_flagellatus/	Methylobacillus_glycogenes/	Methylobacter_luteus/	Methylobacter_marinus/	Methylobacter_tundripaludum/	Methylobacterium_extorquens/	Methylobacterium_mesophilicum/	Methylobacterium_nodulans/	Methylobacterium_populi/	Methylobacterium_radiotolerans/		Methylocaldum_szegediense/	Methylocapsa_acidiphila/	Methylocella_silvestris/	Methylococcus_capsulatus/	Methylocystis_parvus/	Methylocystis_rosea/		Methyloferula_stellata/	Methyloglobulus_morosus/	Methylohalobius_crimeensis/	Methylomarinum_vadi/	Methylomicrobium_agile/	Methylomicrobium_album/	Methylomicrobium_buryatense/	Methylomonas_methanica/	Methylophaga_aminisulfidivorans/	Methylophaga_frappieri/	Methylophaga_lonarensis/	Methylophaga_nitratireducenticrescens/	Methylophaga_thiooxydans/	Methylophilaceae_bacterium_11/	Methylophilales_bacterium_HTCC2181/	Methylophilus_methylotrophus/	Methylopila_sp._73B/	Methylopila_sp._M107/	Methylosarcina_fibrata/	Methylosarcina_lacus/	Methylosinus_trichosporium/	Methylotenera_mobilis/	Methylotenera_versatilis/		Methyloversatilis_universalis/	Methylovorus_glucosotrophus/	Methylovulum_miyakonense/	Micavibrio_aeruginosavorus/	Microbacterium_barkeri/	Microbacterium_gubbeenense/	Microbacterium_indicum/	Microbacterium_laevaniformans/	Microbacterium_luticocti/	Microbacterium_maritypicum/	Microbacterium_paraoxydans/	Microbacterium_profundi/		Microbacterium_testaceum/	Microbacterium_yannicii/	Microbispora_rosea/		Microbulbifer_agarilyticus/	Microbulbifer_variabilis/	Microchaete_sp._PCC_7126/	Micrococcus_luteus/		Microcoleus_vaginatus/	Microcystis_aeruginosa/	Microcystis_sp._T1-4/	Microgenomates_bacterium_SCGC_AAA011-A19/	Microgenomates_bacterium_SCGC_AAA011-B20/	Microgenomates_bacterium_SCGC_AAA011-I21/	Microgenomates_bacterium_SCGC_AAA011-J08/	Microgenomates_bacterium_SCGC_AAA011-L05/	Microgenomates_bacterium_SCGC_AAA011-L6/	Microgenomates_bacterium_SCGC_AAA011-M05/	Microgenomates_bacterium_SCGC_AAA040-P11/	Microgenomates_bacterium_SCGC_AAA255-J07/	Microlunatus_phosphovorus/	Micromonospora_aurantiaca/	Micromonospora_chokoriensis/	Micromonospora_globosa/	Micromonospora_lupini/	Micromonospora_parva/	Micromonospora_purpureochromogenes/	Microscilla_marina/	Microtetraspora_glauca/	Microvirga_flocculans/	Microvirga_lotononidis/	Microvirgula_aerodenitrificans/	Milkweed_yellows_phytoplasma/	Mitsuaria_sp._H24L5A/	Mitsuokella_multacida/	Mobilicoccus_pelagius/	Mobiluncus_curtisii/	Mobiluncus_mulieris/	Modestobacter_marinus/	Mogibacterium_sp._CM50/	Moorea_producens/	Moorella_thermoacetica/	Moraxella_boevrei/	Moraxella_caprae/	Moraxella_catarrhalis/	Moraxella_macacae/	Morganella_morganii/		Moritella_dasanensis/	Moritella_marina/		Mucilaginibacter_paludis/	Mucispirillum_schaedleri/	Muricauda_ruestringensis/	Mycetocola_saprophilus/	Mycobacterium_abscessus/	Mycobacterium_africanum/	Mycobacterium_avium/	Mycobacterium_bovis/	Mycobacterium_canettii/	Mycobacterium_chelonae/	Mycobacterium_chubuense/	Mycobacterium_colombiense/	Mycobacterium_fortuitum/	Mycobacterium_genavense/	Mycobacterium_gilvum/	Mycobacterium_hassiacum/	Mycobacterium_indicus_pranii/	Mycobacterium_intracellulare/	Mycobacterium_iranicum/	Mycobacterium_kansasii/	Mycobacterium_leprae/	Mycobacterium_liflandii/	Mycobacterium_mageritense/	Mycobacterium_marinum/	Mycobacterium_neoaurum/	Mycobacterium_orygis/	Mycobacterium_parascrofulaceum/	Mycobacterium_phlei/	Mycobacterium_rhodesiae/	Mycobacterium_smegmatis/	Mycobacterium_thermoresistibile/	Mycobacterium_tuberculosis/	Mycobacterium_tusciae/	Mycobacterium_ulcerans/	Mycobacterium_vaccae/	Mycobacterium_vanbaalenii/	Mycobacterium_xenopi/	Mycobacterium_yongonense/	Mycoplasma_agalactiae/	Mycoplasma_alkalescens/	Mycoplasma_alligatoris/	Mycoplasma_alvi/	Mycoplasma_anatis/	Mycoplasma_anseris/	Mycoplasma_arginini/	Mycoplasma_arthritidis/	Mycoplasma_auris/	Mycoplasma_bovigenitalium/	Mycoplasma_bovis/	Mycoplasma_canis/	Mycoplasma_capricolum/	Mycoplasma_cloacale/	Mycoplasma_collis/	Mycoplasma_columbinum/	Mycoplasma_conjunctivae/	Mycoplasma_cricetuli/	Mycoplasma_crocodyli/	Mycoplasma_cynos/	Mycoplasma_elephantis/	Mycoplasma_felifaucium/	Mycoplasma_fermentans/	Mycoplasma_flocculare/	Mycoplasma_gallinarum/	Mycoplasma_gallisepticum/	Mycoplasma_genitalium/	Mycoplasma_glycophilum/	Mycoplasma_haemocanis/	Mycoplasma_haemofelis/	Mycoplasma_hominis/	Mycoplasma_hyopneumoniae/	Mycoplasma_hyorhinis/	Mycoplasma_imitans/	Mycoplasma_iners/	Mycoplasma_iowae/	Mycoplasma_leachii/	Mycoplasma_leonicaptivi/	Mycoplasma_lipofaciens/	Mycoplasma_moatsii/	Mycoplasma_mobile/	Mycoplasma_molare/	Mycoplasma_mycoides/	Mycoplasma_opalescens/	Mycoplasma_orale/	Mycoplasma_ovipneumoniae/	Mycoplasma_ovis/	Mycoplasma_parvum/	Mycoplasma_penetrans/	Mycoplasma_pirum/	Mycoplasma_pneumoniae/	Mycoplasma_primatum/	Mycoplasma_pulmonis/	Mycoplasma_putrefaciens/	Mycoplasma_salivarium/	Mycoplasma_simbae/	Mycoplasma_spumans/	Mycoplasma_suis/	Mycoplasma_synoviae/	Mycoplasma_testudinis/	Mycoplasma_wenyonii/	Mycoplasma_yeatsii/	Myroides_injenensis/	Myroides_odoratimimus/	Myroides_odoratus/	Myxococcus_fulvus/		Myxococcus_stipitatus/	Myxococcus_xanthus/	Nafulsella_turpanensis/	Nakamurella_lactea/	Nakamurella_multipartita/	Natranaerobius_thermophilus/	Nautilia_profundicola/	Necropsobacter_rosorum/	Negativicoccus_succinicivorans/	Neisseria_bacilliformis/	Neisseria_cinerea/	Neisseria_elongata/	Neisseria_flavescens/	Neisseria_gonorrhoeae/	Neisseria_lactamica/	Neisseria_macacae/	Neisseria_meningitidis/	Neisseria_mucosa/	Neisseria_polysaccharea/	Neisseria_shayeganii/	Neisseria_sicca/		Neisseria_subflava/	Neisseria_wadsworthii/	Neisseria_weaveri/	Neorickettsia_risticii/	Neorickettsia_sennetsu/	Neptuniibacter_caesariensis/	Neptunomonas_japonica/	Nesiotobacter_exalbescens/	Nesterenkonia_alba/	Nesterenkonia_sp._F/	Nevskia_ramosa/	Nevskia_soli/	Niabella_aurantiaca/	Niabella_soli/	Niastella_koreensis/	Nisaea_denitrificans/	Nitratifractor_salsuginis/	Nitratireductor_aquibiodomus/	Nitratireductor_indicus/	Nitratireductor_pacificus/	Nitratiruptor_sp._SB155-2/	Nitritalea_halalkaliphila/	Nitrobacter_hamburgensis/		Nitrobacter_winogradskyi/	Nitrococcus_mobilis/	Nitrolancea_hollandica/	Nitrosococcus_halophilus/	Nitrosococcus_oceani/	Nitrosococcus_watsonii/	Nitrosomonas_cryotolerans/	Nitrosomonas_europaea/	Nitrosomonas_eutropha/		Nitrosospira_briensis/	Nitrosospira_multiformis/	Nitrospina_gracilis/		Nitrospirillum_amazonense/	Niveispirillum_irakense/	Nocardia_abscessus/	Nocardia_aobensis/	Nocardia_araoensis/	Nocardia_asiatica/	Nocardia_asteroides/	Nocardia_brasiliensis/	Nocardia_brevicatena/	Nocardia_carnea/	Nocardia_cerradoensis/	Nocardia_concava/	Nocardia_cyriacigeorgica/	Nocardia_exalbida/	Nocardia_farcinica/	Nocardia_higoensis/	Nocardia_jiangxiensis/	Nocardia_niigatensis/	Nocardia_otitidiscaviarum/	Nocardia_paucivorans/	Nocardia_pneumoniae/	Nocardia_rhamnosiphila/	Nocardia_seriolae/		Nocardia_takedensis/	Nocardia_tenerifensis/	Nocardia_terpenica/	Nocardia_testacea/	Nocardia_thailandica/	Nocardia_transvalensis/	Nocardia_veterana/	Nocardia_vinacea/	Nocardioidaceae_bacterium_Broad-1/	Nocardioides_alkalitolerans/	Nocardioides_halotolerans/	Nocardioides_insulae/		Nocardiopsis_alba/	Nocardiopsis_alkaliphila/	Nocardiopsis_baichengensis/	Nocardiopsis_chromatogenes/	Nocardiopsis_dassonvillei/	Nocardiopsis_ganjiahuensis/	Nocardiopsis_gilva/	Nocardiopsis_halophila/	Nocardiopsis_halotolerans/	Nocardiopsis_kunsanensis/	Nocardiopsis_lucentensis/	Nocardiopsis_potens/	Nocardiopsis_prasina/	Nocardiopsis_salina/		Nocardiopsis_synnemataformans/	Nocardiopsis_valliformis/	Nocardiopsis_xinjiangensis/	Nodosilinea_nodulosa/	Nodularia_spumigena/	Nonlabens_dokdonensis/	Nonomuraea_coxensis/	Nostoc_punctiforme/		Novispirillum_itersonii/	Novosphingobium_acidiphilum/	Novosphingobium_aromaticivorans/	Novosphingobium_lindaniclasticum/	Novosphingobium_nitrogenifigens/	Novosphingobium_pentaromativorans/		Novosphingobium_tardaugens/	Oceanibaculum_indicum/	Oceanibulbus_indolifex/	Oceanicaulis_alexandrii/		Oceanicola_batsensis/	Oceanicola_granulosus/	Oceanicola_nanhaiensis/		Oceanimonas_smirnovii/	Oceaniovalibus_guishaninsula/	Oceanithermus_profundus/	Oceanobacillus_iheyensis/	Oceanobacillus_kimchii/	Oceanobacillus_massiliensis/	Oceanobacter_kriegii/	Oceanospirillales_bacterium_SCGC_AAA298-N10/	Oceanospirillum_beijerinckii/	Oceanospirillum_maris/	Ochrobactrum_anthropi/	Ochrobactrum_intermedium/	Ochrobactrum_rhizosphaerae/		Octadecabacter_antarcticus/	Octadecabacter_arcticus/	Odoribacter_laneus/	Odoribacter_splanchnicus/	Oenococcus_kitaharae/	Oenococcus_oeni/	Oerskovia_turbata/	Oligella_ureolytica/	Oligella_urethralis/	Oligotropha_carboxidovorans/	Olivibacter_sitiensis/	Olleya_marilimosa/		Olsenella_profusa/	Olsenella_sp._oral_taxon_809/	Olsenella_uli/	Omnitrophica_bacterium_SCGC_AAA011-L16/	Omnitrophica_bacterium_SCGC_AAA252-B19/	Omnitrophica_bacterium_SCGC_AAA257-O07/	Onion_yellows_phytoplasma/	Opitutaceae_bacterium_TAV1/	Opitutaceae_bacterium_TAV5/	Opitutus_terrae/	Orenia_marismortui/	Oribacterium_asaccharolyticum/	Oribacterium_parvum/	Oribacterium_sinus/		Orientia_tsutsugamushi/	Ornithinibacillus_scapharcae/	Ornithinimicrobium_pekingense/	Ornithobacterium_rhinotracheale/	Oscillatoria_acuminata/	Oscillatoria_nigro-viridis/		Oscillatoriales_cyanobacterium_JSC-12/	Oscillibacter_ruminantium/		Oscillibacter_valericigenes/	Oscillochloris_trichoides/	Oscillospiraceae_bacterium_VE202-24/	Osedax_symbiont_Rs1/	Osedax_symbiont_Rs2/	Ottowia_thiooxydans/	Owenweeksia_hongkongensis/	Oxalobacter_formigenes/		Paenibacillus_alginolyticus/	Paenibacillus_alvei/	Paenibacillus_assamensis/	Paenibacillus_barengoltzii/	Paenibacillus_curdlanolyticus/	Paenibacillus_daejeonensis/	Paenibacillus_dendritiformis/	Paenibacillus_durus/	Paenibacillus_ehimensis/	Paenibacillus_elgii/	Paenibacillus_fonticola/	Paenibacillus_forsythiae/	Paenibacillus_ginsengihumi/	Paenibacillus_graminis/	Paenibacillus_harenae/	Paenibacillus_lactis/	Paenibacillus_larvae/	Paenibacillus_lentimorbus/	Paenibacillus_massiliensis/	Paenibacillus_mucilaginosus/	Paenibacillus_panacisoli/	Paenibacillus_pasadenensis/	Paenibacillus_peoriae/	Paenibacillus_pinihumi/	Paenibacillus_polymyxa/	Paenibacillus_popilliae/	Paenibacillus_sanguinis/	Paenibacillus_senegalensis/	Paenibacillus_sonchi/		Paenibacillus_taiwanensis/	Paenibacillus_terrae/	Paenibacillus_terrigena/	Paenibacillus_vortex/	Paenibacillus_zanthoxyli/	Paenisporosarcina_sp._HGH0030/	Paenisporosarcina_sp._TG-14/	Paenisporosarcina_sp._TG20/	Paludibacter_propionicigenes/	Paludibacterium_yongneupense/	Pandoraea_pnomenusa/		Pannonibacter_phragmitetus/	Pantoea_agglomerans/	Pantoea_ananatis/	Pantoea_dispersa/	Pantoea_stewartii/	Pantoea_vagans/	Parabacteroides_distasonis/	Parabacteroides_goldsteinii/	Parabacteroides_gordonii/	Parabacteroides_johnsonii/	Parabacteroides_merdae/		Parachlamydia_acanthamoebae/	Paracoccus_aminophilus/	Paracoccus_denitrificans/	Paracoccus_pantotrophus/		Paracoccus_yeei/	Paracoccus_zeaxanthinifaciens/	Paraoerskovia_marina/	Paraprevotella_clara/	Paraprevotella_xylaniphila/	Parascardovia_denticolens/	Parasutterella_excrementihominis/	Parcubacteria_bacterium_RAAC4_OD1_1/	Parcubacteria_bacterium_SCGC_AAA010-E09/	Parcubacteria_bacterium_SCGC_AAA011-A08/	Parcubacteria_bacterium_SCGC_AAA011-A09/	Parcubacteria_bacterium_SCGC_AAA011-G05/	Parcubacteria_bacterium_SCGC_AAA011-J16/	Parcubacteria_bacterium_SCGC_AAA011-J21/	Parcubacteria_bacterium_SCGC_AAA011-N16/	Parcubacteria_bacterium_SCGC_AAA036-E14/	Parcubacteria_bacterium_SCGC_AAA040-L21/	Parcubacteria_bacterium_SCGC_AB-164-E21/	Parvibaculum_lavamentivorans/	Parvimonas_micra/		Parvularcula_bermudensis/	Parvularcula_oceani/	Pasteurella_bettyae/	Pasteurella_dagmatis/	Pasteurella_multocida/	Pasteurella_pneumotropica/	Patulibacter_americanus/	Patulibacter_medicamentivorans/	Patulibacter_minatonensis/	Paucisalibacillus_globulus/	Peanut_witches-broom_phytoplasma/	Pectobacterium_atrosepticum/	Pectobacterium_carotovorum/		Pectobacterium_wasabiae/	Pediococcus_acidilactici/	Pediococcus_claussenii/	Pediococcus_lolii/	Pediococcus_pentosaceus/	Pedobacter_agri/	Pedobacter_arcticus/	Pedobacter_borealis/	Pedobacter_glucosidilyticus/	Pedobacter_heparinus/	Pedobacter_oryzae/	Pedobacter_saltans/		Pedosphaera_parvula/	Pelagibaca_bermudensis/	Pelagibacterium_halotolerans/	Pelistega_sp._HM-7/	Pelobacter_carbinolicus/	Pelobacter_propionicus/	Pelobacter_seleniigenes/	Pelodictyon_luteolum/	Pelodictyon_phaeoclathratiforme/	Pelomonas_sp._JGI_001013-K11/	Pelosinus_fermentans/		Pelotomaculum_thermopropionicum/	Peptoclostridium_difficile/	Peptoniphilus_duerdenii/	Peptoniphilus_grossensis/	Peptoniphilus_harei/	Peptoniphilus_indolicus/	Peptoniphilus_lacrimalis/	Peptoniphilus_obesi/	Peptoniphilus_rhinitidis/	Peptoniphilus_senegalensis/		Peptoniphilus_timonensis/		Peptostreptococcus_anaerobius/	Peptostreptococcus_stomatis/	Perlucidibaca_piscinae/	Persephonella_marina/		Petrotoga_mobilis/	Phaeobacter_arcticus/	Phaeobacter_caeruleus/	Phaeobacter_daeponensis/	Phaeobacter_gallaeciensis/	Phaeobacter_inhibens/	Phaeospirillum_fulvum/	Phaeospirillum_molischianum/		Phascolarctobacterium_succinatutens/	Phaseolibacter_flectens/	Phenylobacterium_zucineum/	Phocaeicola_abscessus/	Photobacterium_angustum/	Photobacterium_damselae/	Photobacterium_halotolerans/	Photobacterium_leiognathi/	Photobacterium_profundum/		Photorhabdus_asymbiotica/	Photorhabdus_luminescens/	Photorhabdus_temperata/	Phycicoccus_jejuensis/	Phycisphaera_mikurensis/	Phyllobacterium_sp._UNC302MFCol5.2/	Phyllobacterium_sp._YR531/	Pilimelia_anulata/	Pirellula_staleyi/	Piscirickettsia_salmonis/	Planctomyces_brasiliensis/	Planctomyces_limnophilus/	Planctomyces_maris/		Planktothrix_agardhii/	Planktothrix_mougeotii/	Planktothrix_prolifica/	Planktothrix_rubescens/	Planococcus_antarcticus/	Planococcus_donghaensis/	Planococcus_halocryophilus/	Plautia_stali_symbiont/	Pleomorphomonas_koreensis/	Pleomorphomonas_oryzae/	Plesiocystis_pacifica/	Plesiomonas_shigelloides/	Pleurocapsa_minor/		Poinsettia_branch-inducing_phytoplasma/	Polaribacter_irgensii/		Polaromonas_glacialis/	Polaromonas_naphthalenivorans/	Polycyclovorans_algicola/	Polymorphum_gilvum/	Polynucleobacter_necessarius/	Pontibacillus_halophilus/	Pontibacillus_marinus/	Pontibacter_actiniarum/	Pontibacter_roseus/		Ponticaulis_koreensis/	Poribacteria_bacterium_WGA-3G/	Poribacteria_bacterium_WGA-4CII/	Porphyrobacter_cryptus/		Porphyromonas_asaccharolytica/	Porphyromonas_bennonis/	Porphyromonas_cangingivalis/	Porphyromonas_cansulci/	Porphyromonas_catoniae/	Porphyromonas_crevioricanis/	Porphyromonas_endodontalis/	Porphyromonas_gingivalis/	Porphyromonas_gingivicanis/	Porphyromonas_gulae/	Porphyromonas_levii/	Porphyromonas_macacae/	Porphyromonas_somerae/		Porphyromonas_uenonis/	Prauserella_rugosa/	Prevotella_albensis/	Prevotella_amnii/	Prevotella_aurantiaca/	Prevotella_baroniae/	Prevotella_bergensis/	Prevotella_bivia/	Prevotella_brevis/	Prevotella_bryantii/	Prevotella_buccae/	Prevotella_buccalis/	Prevotella_copri/	Prevotella_corporis/	Prevotella_dentalis/	Prevotella_dentasini/	Prevotella_denticola/	Prevotella_disiens/	Prevotella_enoeca/	Prevotella_falsenii/	Prevotella_fusca/	Prevotella_histicola/	Prevotella_intermedia/	Prevotella_loescheii/	Prevotella_maculosa/	Prevotella_marshii/	Prevotella_melaninogenica/	Prevotella_micans/	Prevotella_multiformis/	Prevotella_multisaccharivorax/	Prevotella_nanceiensis/	Prevotella_nigrescens/	Prevotella_oralis/	Prevotella_oris/	Prevotella_oulorum/	Prevotella_pallens/	Prevotella_paludivivens/	Prevotella_pleuritidis/	Prevotella_ruminicola/	Prevotella_saccharolytica/	Prevotella_salivae/	Prevotella_scopos/	Prevotella_shahii/		Prevotella_stercorea/	Prevotella_timonensis/	Prevotella_veroralis/	Prochlorococcus_marinus/		Prochlorothrix_hollandica/	Prolixibacter_bellariivorans/	Promicromonospora_sukumoe/	Propionibacterium_acidifaciens/	Propionibacterium_acidipropionici/	Propionibacterium_acnes/	Propionibacterium_avidum/	Propionibacterium_freudenreichii/	Propionibacterium_granulosum/	Propionibacterium_humerusii/	Propionibacterium_jensenii/	Propionibacterium_propionicum/		Propionibacterium_thoenii/	Propionicicella_superfundia/	Propionimicrobium_lymphophilum/	Prosthecochloris_aestuarii/	Proteiniclasticum_ruminis/	Proteiniphilum_acetatigenes/	Proteobacteria_bacterium_JGI_0000113-D06/	Proteobacteria_bacterium_JGI_0000113-E04/	Proteobacteria_bacterium_JGI_0000113-L05/	Proteobacteria_bacterium_JGI_0000113-P07/	Proteobacteria_bacterium_JGI_0001002-H11/	Proteobacteria_bacterium_JGI_0001009-D17/	Proteobacteria_bacterium_JGI_0001013-N05/	Proteobacteria_bacterium_JGI_0001019-D04/	Proteocatella_sphenisci/	Proteus_hauseri/	Proteus_mirabilis/	Proteus_penneri/	Providencia_alcalifaciens/	Providencia_burhodogranariea/	Providencia_rettgeri/	Providencia_rustigianii/	Providencia_sneebia/	Providencia_stuartii/	Pseudacidovorax_intermedius/	Pseudaminobacter_salicylatoxidans/	Pseudanabaena_biceps/		Pseudoalteromonas_agarivorans/	Pseudoalteromonas_arctica/	Pseudoalteromonas_atlantica/	Pseudoalteromonas_citrea/	Pseudoalteromonas_flavipulchra/	Pseudoalteromonas_haloplanktis/	Pseudoalteromonas_luteoviolacea/	Pseudoalteromonas_marina/	Pseudoalteromonas_piscicida/	Pseudoalteromonas_rubra/	Pseudoalteromonas_ruthenica/		Pseudoalteromonas_spongiae/	Pseudoalteromonas_tunicata/	Pseudoalteromonas_undina/	Pseudobutyrivibrio_ruminis/	Pseudochrobactrum_sp._AO18b/	Pseudoclavibacter_faecalis/	Pseudoclavibacter_soli/	Pseudoduganella_violaceinigra/	Pseudoflavonifractor_capillosus/	Pseudogulbenkiania_ferrooxidans/		Pseudomonas_aeruginosa/	Pseudomonas_agarici/	Pseudomonas_alcaligenes/	Pseudomonas_alcaliphila/	Pseudomonas_amygdali/	Pseudomonas_avellanae/	Pseudomonas_azotifigens/	Pseudomonas_brassicacearum/	Pseudomonas_caeni/	Pseudomonas_chloritidismutans/	Pseudomonas_chlororaphis/	Pseudomonas_corrugata/	Pseudomonas_cremoricolorata/	Pseudomonas_denitrificans/	Pseudomonas_entomophila/	Pseudomonas_extremaustralis/	Pseudomonas_fluorescens/	Pseudomonas_fragi/	Pseudomonas_fulva/	Pseudomonas_fuscovaginae/	Pseudomonas_gingeri/	Pseudomonas_luteola/	Pseudomonas_mandelii/	Pseudomonas_mendocina/	Pseudomonas_monteilii/	Pseudomonas_mosselii/	Pseudomonas_nitroreducens/	Pseudomonas_oleovorans/	Pseudomonas_otitidis/	Pseudomonas_parafulva/	Pseudomonas_pelagia/	Pseudomonas_plecoglossicida/	Pseudomonas_poae/	Pseudomonas_protegens/	Pseudomonas_pseudoalcaligenes/	Pseudomonas_psychrophila/	Pseudomonas_psychrotolerans/	Pseudomonas_putida/	Pseudomonas_resinovorans/	Pseudomonas_savastanoi/		Pseudomonas_stutzeri/	Pseudomonas_synxantha/	Pseudomonas_syringae/	Pseudomonas_syringae_group_genomosp._3/	Pseudomonas_taeanensis/	Pseudomonas_taiwanensis/	Pseudomonas_thermotolerans/	Pseudomonas_tolaasii/	Pseudomonas_umsongensis/	Pseudomonas_veronii/	Pseudomonas_viridiflava/	Pseudomonas_vranovensis/	Pseudonocardia_acaciae/	Pseudonocardia_asaccharolytica/	Pseudonocardia_dioxanivorans/	Pseudonocardia_spinosispora/	Pseudophaeobacter_arcticus/	Pseudoramibacter_alactolyticus/	Pseudorhodobacter_ferrugineus/	Pseudovibrio_sp._FO-BEG1/	Pseudovibrio_sp._JE062/		Pseudoxanthomonas_spadix/	Pseudoxanthomonas_suwonensis/	Psychrilyobacter_atlanticus/	Psychrobacter_aquaticus/	Psychrobacter_arcticus/	Psychrobacter_cryohalolentis/	Psychrobacter_lutiphocae/	Psychrobacter_phenylpyruvicus/		Psychroflexus_gondwanensis/	Psychroflexus_torquis/	Psychroflexus_tropicus/	Psychromonas_aquimarina/	Psychromonas_arctica/	Psychromonas_hadalis/	Psychromonas_ingrahamii/	Psychromonas_ossibalaenae/	Psychroserpens_burtonensis/	Pusillimonas_noertemannii/	Pyramidobacter_piscolens/	Rahnella_aquatilis/		Ralstonia_pickettii/	Ralstonia_solanacearum/		Ramlibacter_tataouinensis/	Raoultella_ornithinolytica/	Raoultella_planticola/	Raphidiopsis_brookii/	Rathayibacter_toxicus/	Reinekea_blandensis/	Renibacterium_salmoninarum/	Reyranella_massiliensis/	Rheinheimera_baltica/	Rheinheimera_nanhaiensis/	Rheinheimera_perlucida/		Rheinheimera_texasensis/	Rhizobacter_sp._JGI_0001007-A16/	Rhizobacter_sp._JGI_0001009-E21/		Rhizobium_etli/	Rhizobium_freirei/	Rhizobium_gallicum/	Rhizobium_giardinii/	Rhizobium_grahamii/	Rhizobium_leguminosarum/	Rhizobium_leucaenae/	Rhizobium_lupini/	Rhizobium_mesoamericanum/	Rhizobium_mongolense/	Rhizobium_phaseoli/	Rhizobium_selenitireducens/		Rhizobium_sullae/	Rhizobium_tropici/	Rhizobium_undicola/	Rhodanobacter_denitrificans/	Rhodanobacter_fulvus/	Rhodanobacter_spathiphylli/	Rhodanobacter_thiooxydans/	Rhodobacter_capsulatus/	Rhodobacter_sphaeroides/		Rhodococcus_defluvii/	Rhodococcus_erythropolis/	Rhodococcus_fascians/	Rhodococcus_hoagii/	Rhodococcus_imtechensis/	Rhodococcus_jostii/	Rhodococcus_opacus/	Rhodococcus_pyridinivorans/	Rhodococcus_qingshengii/	Rhodococcus_rhodnii/	Rhodococcus_rhodochrous/	Rhodococcus_ruber/		Rhodococcus_triatomae/	Rhodococcus_wratislaviensis/	Rhodocyclaceae_bacterium_RZ94/	Rhodoferax_ferrireducens/	Rhodoferax_saidenbachensis/	Rhodomicrobium_vannielii/	Rhodonellum_psychrophilum/	Rhodopirellula_baltica/	Rhodopirellula_europaea/	Rhodopirellula_maiorica/	Rhodopirellula_sallentina/	Rhodopirellula_sp._SWK7/	Rhodopseudomonas_palustris/	Rhodopseudomonas_sp._B29/	Rhodospirillales_bacterium_URHD0088/	Rhodospirillum_centenum/	Rhodospirillum_photometricum/	Rhodospirillum_rubrum/	Rhodothermus_marinus/	Rhodovibrio_salinarum/	Rhodovulum_sp._PH10/	Richelia_intracellularis/	Rickettsia_aeschlimannii/	Rickettsia_africae/	Rickettsia_akari/	Rickettsia_australis/	Rickettsia_bellii/	Rickettsia_canadensis/	Rickettsia_conorii/	Rickettsia_endosymbiont_of_Bemisia_tabaci/	Rickettsia_endosymbiont_of_Ixodes_scapularis/	Rickettsia_felis/	Rickettsia_heilongjiangensis/	Rickettsia_helvetica/	Rickettsia_honei/	Rickettsia_japonica/	Rickettsia_massiliae/	Rickettsia_monacensis/	Rickettsia_montanensis/	Rickettsia_parkeri/	Rickettsia_philipii/	Rickettsia_prowazekii/	Rickettsia_rhipicephali/	Rickettsia_rickettsii/	Rickettsia_sibirica/	Rickettsia_slovaca/	Rickettsia_tamurae/	Rickettsia_typhi/	Rickettsiaceae_bacterium_Os18/	Rickettsiella_grylli/	Riemerella_anatipestifer/	Riemerella_columbina/	Rikenella_microfusus/	Rivularia_sp._PCC_7116/	Robiginitalea_biformata/	Robiginitomaculum_antarcticum/	Robinsoniella_sp._KNHs210/	Roseburia_hominis/	Roseburia_intestinalis/	Roseburia_inulinivorans/	Roseibium_sp._TrichSKD4/	Roseiflexus_castenholzii/		Roseobacter_denitrificans/	Roseobacter_litoralis/		Roseomonas_cervicalis/	Roseomonas_gilardii/	Roseomonas_mucosa/	Roseomonas_sp._B5/	Roseovarius_nubinhibens/	Rothia_aeria/	Rothia_dentocariosa/	Rothia_mucilaginosa/	Ruania_albidiflava/	Rubellimicrobium_thermophilum/	Rubidibacter_lacunae/	Rubritalea_marina/	Rubritepida_flocculans/	Rubrivivax_benzoatilyticus/	Rubrivivax_gelatinosus/	Rubrobacter_xylanophilus/	Rudaea_cellulosilytica/	Rudanella_lutea/	Ruegeria_conchae/	Ruegeria_lacuscaerulensis/	Ruegeria_mobilis/	Ruegeria_pomeroyi/		Ruminiclostridium_thermocellum/	Ruminobacter_sp._RM87/		Ruminococcus_albus/	Ruminococcus_bromii/	Ruminococcus_callidus/	Ruminococcus_champanellensis/	Ruminococcus_flavefaciens/	Ruminococcus_gauvreauii/	Ruminococcus_lactaris/	Runella_limosa/	Runella_slithyformis/	Runella_zeae/		Saccharibacillus_kuerlensis/	Saccharibacter_floricola/	Saccharomonospora_azurea/	Saccharomonospora_cyanea/	Saccharomonospora_glauca/	Saccharomonospora_halophila/	Saccharomonospora_marina/	Saccharomonospora_paurometabolica/	Saccharomonospora_saliphila/		Saccharomonospora_viridis/	Saccharomonospora_xinjiangensis/	Saccharophagus_degradans/	Saccharopolyspora_erythraea/	Saccharopolyspora_rectivirgula/	Saccharopolyspora_spinosa/	Saccharospirillum_impatiens/	Saccharothrix_espanaensis/	Sagittula_stellata/	Salana_multivorans/	Salimicrobium_sp._MJ3/	Salinarimonas_rosea/	Salinibacter_ruber/	Salinicoccus_albus/	Salinicoccus_carnicancri/	Salinicoccus_luteus/	Salinimicrobium_terrae/	Salinimicrobium_xinjiangense/	Salinimonas_chungwhensis/	Salinisphaera_shabanensis/	Salinispora_arenicola/	Salinispora_pacifica/	Salinispora_tropica/	Salinivibrio_costicola/	Salinivibrio_socompensis/	Salipiger_mucosus/	Salisaeta_longa/	Salmonella_bongori/	Salmonella_enterica/	Salsuginibacillus_kocurii/	Sandarakinorhabdus_limnophila/		Sanguibacter_keddieii/	Saprospira_grandis/	Scardovia_inopinata/	Scardovia_wiggsiae/	Schlesneria_paludicola/	Sciscionella_marina/	Sciscionella_sp._SE31/	Scytonema_hofmanni/	Sebaldella_termitidis/	Sedimentibacter_sp._B4/	Sedimenticola_selenatireducens/	Sedimentitalea_nanhaiensis/	Sediminibacillus_halophilus/	Sediminibacter_sp._Hel_I_10/	Sediminibacterium_salmoneum/		Sediminimonas_qiaohouensis/	Segetibacter_koreensis/	Segniliparus_rotundus/	Segniliparus_rugosus/	Selenomonas_artemidis/	Selenomonas_bovis/	Selenomonas_flueggei/	Selenomonas_infelix/	Selenomonas_noxia/	Selenomonas_ruminantium/	Selenomonas_sputigena/	Serinicoccus_marinus/	Serinicoccus_profundi/	Serratia_fonticola/	Serratia_liquefaciens/	Serratia_marcescens/	Serratia_odorifera/	Serratia_plymuthica/	Serratia_proteamaculans/		Serratia_symbiotica/	Sharpea_azabuensis/	Shewanella_algae/	Shewanella_amazonensis/	Shewanella_baltica/	Shewanella_benthica/	Shewanella_colwelliana/	Shewanella_decolorationis/	Shewanella_denitrificans/	Shewanella_fidelis/	Shewanella_frigidimarina/	Shewanella_halifaxensis/	Shewanella_haliotis/	Shewanella_loihica/	Shewanella_marina/	Shewanella_oneidensis/	Shewanella_pealeana/	Shewanella_piezotolerans/	Shewanella_putrefaciens/	Shewanella_sediminis/	Shewanella_violacea/	Shewanella_waksmanii/	Shewanella_woodyi/	Shigella_boydii/	Shigella_dysenteriae/	Shigella_flexneri/	Shigella_sonnei/		Shimazuella_kribbensis/	Shimwellia_blattae/	Shinella_sp._DD12/	Shuttleworthia_satelles/	Sideroxydans_lithotrophicus/	Silanimonas_lenta/	Silicibacter_sp._TrichCH4B/	Simiduia_agarivorans/	Simkania_negevensis/	Simonsiella_muelleri/	Simplicispira_psychrophila/	Singulisphaera_acidiphila/	Sinorhizobium_arboris/	Sinorhizobium_fredii/	Sinorhizobium_medicae/	Sinorhizobium_meliloti/	Slackia_exigua/	Slackia_heliotrinireducens/	Slackia_piriformis/		Smaragdicoccus_niigatensis/	Smithella_sp._ME-1/	Sneathiella_glossodoripedis/	Sodalis_glossinidius/	Solibacillus_silvestris/	Solimonas_flava/	Solimonas_soli/	Solimonas_variicoloris/	Solirubrobacter_soli/	Solitalea_canadensis/	Solobacterium_moorei/	Sorangium_cellulosum/	Sphaerobacter_thermophilus/	Sphaerochaeta_coccoides/	Sphaerochaeta_globosa/	Sphaerochaeta_pleomorpha/	Sphingobacterium_paucimobilis/		Sphingobacterium_spiritivorum/	Sphingobacterium_thalpophilum/	Sphingobium_baderi/	Sphingobium_chinhatense/	Sphingobium_chlorophenolicum/	Sphingobium_indicum/	Sphingobium_japonicum/	Sphingobium_lactosutens/	Sphingobium_lucknowense/	Sphingobium_quisquiliarum/	Sphingobium_ummariense/	Sphingobium_xenophagum/	Sphingobium_yanoikuyae/		Sphingomonas_astaxanthinifaciens/	Sphingomonas_echinoides/	Sphingomonas_elodea/	Sphingomonas_melonis/	Sphingomonas_phyllosphaerae/		Sphingomonas_wittichii/	Sphingopyxis_alaskensis/	Sphingopyxis_baekryungensis/		Spiribacter_salinus/		Spirillospora_albida/	Spirochaeta_africana/	Spirochaeta_alkalica/	Spirochaeta_bajacaliforniensis/	Spirochaeta_cellobiosiphila/	Spirochaeta_smaragdinae/		Spirochaeta_thermophila/	Spiroplasma_apis/	Spiroplasma_chrysopicola/	Spiroplasma_diminutum/	Spiroplasma_melliferum/	Spiroplasma_syrphidicola/	Spiroplasma_taiwanense/	Spirosoma_linguale/	Spirosoma_luteum/	Spirosoma_panaciterrae/	Spirosoma_spitsbergense/	Spirulina_subsalsa/	Spongiibacter_tropicus/	Sporichthya_polymorpha/	Sporocytophaga_myxococcoides/	Sporolactobacillus_inulinus/	Sporolactobacillus_laevolacticus/	Sporolactobacillus_terrae/	Sporolactobacillus_vineae/	Sporomusa_ovata/	Sporosarcina_newyorkensis/	Sporosarcina_pasteurii/		Sporosarcina_ureae/	Stackebrandtia_nassauensis/	Stanieria_cyanosphaera/	Staphylococcus_arlettae/	Staphylococcus_aureus/	Staphylococcus_capitis/	Staphylococcus_caprae/	Staphylococcus_carnosus/	Staphylococcus_delphini/	Staphylococcus_epidermidis/	Staphylococcus_equorum/	Staphylococcus_haemolyticus/	Staphylococcus_hominis/	Staphylococcus_intermedius/	Staphylococcus_lentus/	Staphylococcus_lugdunensis/	Staphylococcus_massiliensis/	Staphylococcus_pasteuri/	Staphylococcus_pettenkoferi/	Staphylococcus_pseudintermedius/	Staphylococcus_saprophyticus/	Staphylococcus_sciuri/	Staphylococcus_simiae/	Staphylococcus_simulans/		Staphylococcus_vitulinus/	Staphylococcus_warneri/	Staphylococcus_xylosus/	Stappia_stellulata/	Starkeya_novella/	Stenotrophomonas_maltophilia/		Stigmatella_aurantiaca/	Stomatobaculum_longum/	Streptacidiphilus_jeojiense/	Streptobacillus_moniliformis/	Streptococcus_agalactiae/	Streptococcus_anginosus/	Streptococcus_australis/	Streptococcus_caballi/	Streptococcus_canis/	Streptococcus_castoreus/	Streptococcus_constellatus/	Streptococcus_criceti/	Streptococcus_cristatus/	Streptococcus_dentisani/	Streptococcus_devriesei/	Streptococcus_didelphis/	Streptococcus_downei/	Streptococcus_dysgalactiae/	Streptococcus_entericus/	Streptococcus_equi/	Streptococcus_equinus/	Streptococcus_ferus/	Streptococcus_gallolyticus/	Streptococcus_gordonii/	Streptococcus_henryi/	Streptococcus_hyovaginalis/	Streptococcus_ictaluri/	Streptococcus_infantarius/	Streptococcus_infantis/	Streptococcus_iniae/	Streptococcus_intermedius/	Streptococcus_lutetiensis/	Streptococcus_macacae/	Streptococcus_macedonicus/	Streptococcus_marimammalium/	Streptococcus_massiliensis/	Streptococcus_merionis/	Streptococcus_minor/	Streptococcus_mitis/	Streptococcus_mutans/	Streptococcus_oligofermentans/	Streptococcus_oralis/	Streptococcus_orisratti/	Streptococcus_ovis/	Streptococcus_parasanguinis/	Streptococcus_parauberis/	Streptococcus_pasteurianus/	Streptococcus_peroris/	Streptococcus_plurextorum/	Streptococcus_pneumoniae/	Streptococcus_porci/	Streptococcus_porcinus/	Streptococcus_pseudopneumoniae/	Streptococcus_pseudoporcinus/	Streptococcus_pyogenes/	Streptococcus_ratti/	Streptococcus_salivarius/	Streptococcus_sanguinis/	Streptococcus_sobrinus/		Streptococcus_suis/	Streptococcus_thermophilus/	Streptococcus_thoraltensis/	Streptococcus_tigurinus/	Streptococcus_uberis/	Streptococcus_urinalis/	Streptococcus_vestibularis/	Streptomyces_achromogenes/	Streptomyces_acidiscabies/	Streptomyces_afghaniensis/	Streptomyces_albidoflavus/	Streptomyces_alboviridis/	Streptomyces_albulus/	Streptomyces_albus/	Streptomyces_anulatus/	Streptomyces_aurantiacus/	Streptomyces_auratus/	Streptomyces_aureocirculatus/	Streptomyces_aureofaciens/	Streptomyces_avellaneus/	Streptomyces_avermitilis/	Streptomyces_baarnensis/	Streptomyces_bicolor/	Streptomyces_bikiniensis/	Streptomyces_bingchenggensis/	Streptomyces_bottropensis/	Streptomyces_brasiliensis/	Streptomyces_californicus/	Streptomyces_canus/	Streptomyces_capuensis/	Streptomyces_catenulae/	Streptomyces_cattleya/	Streptomyces_cellulosae/	Streptomyces_chartreusis/	Streptomyces_clavuligerus/	Streptomyces_coelicolor/	Streptomyces_collinus/	Streptomyces_cyaneofuscatus/	Streptomyces_davawensis/	Streptomyces_decoyicus/	Streptomyces_durhamensis/	Streptomyces_erythrochromogenes/	Streptomyces_exfoliatus/	Streptomyces_filamentosus/	Streptomyces_flaveus/	Streptomyces_flavidovirens/	Streptomyces_flavochromogenes/	Streptomyces_flavotricini/	Streptomyces_flavovariabilis/	Streptomyces_flavovirens/	Streptomyces_floridae/	Streptomyces_fulvissimus/	Streptomyces_fulvoviolaceus/	Streptomyces_gancidicus/	Streptomyces_ghanaensis/	Streptomyces_globisporus/	Streptomyces_griseoaurantiacus/	Streptomyces_griseoflavus/	Streptomyces_griseolus/	Streptomyces_griseoluteus/	Streptomyces_griseus/	Streptomyces_halstedii/	Streptomyces_himastatinicus/	Streptomyces_hygroscopicus/	Streptomyces_ipomoeae/	Streptomyces_katrae/	Streptomyces_lavendulae/	Streptomyces_lavenduligriseus/	Streptomyces_leeuwenhoekii/	Streptomyces_lividans/	Streptomyces_lysosuperificus/	Streptomyces_mediolani/	Streptomyces_megasporus/	Streptomyces_mobaraensis/	Streptomyces_monomycini/	Streptomyces_natalensis/	Streptomyces_niveus/	Streptomyces_ochraceiscleroticus/	Streptomyces_olivaceus/	Streptomyces_peruviensis/	Streptomyces_peucetius/	Streptomyces_pratensis/	Streptomyces_pristinaespiralis/	Streptomyces_prunicolor/	Streptomyces_puniceus/	Streptomyces_purpeochromogenes/	Streptomyces_purpeofuscus/	Streptomyces_purpureus/	Streptomyces_pyridomyceticus/	Streptomyces_rapamycinicus/	Streptomyces_resistomycificus/	Streptomyces_rimosus/	Streptomyces_roseochromogenus/	Streptomyces_roseoverticillatus/	Streptomyces_ruber/	Streptomyces_scabiei/	Streptomyces_scabrisporus/	Streptomyces_sclerotialus/	Streptomyces_scopuliridis/	Streptomyces_seoulensis/	Streptomyces_somaliensis/		Streptomyces_sulphureus/	Streptomyces_sviceus/	Streptomyces_thermolilacinus/	Streptomyces_tsukubaensis/	Streptomyces_turgidiscabies/	Streptomyces_varsoviensis/	Streptomyces_venezuelae/	Streptomyces_violaceoruber/	Streptomyces_violaceorubidus/	Streptomyces_violaceusniger/	Streptomyces_violens/	Streptomyces_virginiae/	Streptomyces_viridochromogenes/	Streptomyces_viridosporus/	Streptomyces_vitaminophilus/	Streptomyces_xanthophaeus/	Streptomyces_zinciresistens/	Streptomycetaceae_bacterium_MP113-05/	Streptosporangium_amethystogenes/	Streptosporangium_roseum/		Subdoligranulum_variabile/	Succinatimonas_hippei/	Succinimonas_amylolytica/	Succinispira_mobilis/	Succinivibrio_dextrinosolvens/		Sulfitobacter_donghicola/	Sulfitobacter_guttiformis/	Sulfitobacter_mediterraneus/		Sulfobacillus_acidophilus/	Sulfobacillus_thermosulfidooxidans/	Sulfuricella_denitrificans/	Sulfuricurvum_kujiense/	Sulfurihydrogenibium_azorense/		Sulfurihydrogenibium_subterraneum/	Sulfurihydrogenibium_yellowstonense/	Sulfurimonas_autotrophica/	Sulfurimonas_denitrificans/	Sulfurimonas_gotlandica/		Sulfurospirillum_arcachonense/	Sulfurospirillum_barnesii/	Sulfurospirillum_deleyianum/	Sulfurovum_sp._AR/	Sulfurovum_sp._NBC37-1/	Sulfurovum_sp._SCGC_AAA036-F05/	Sutterella_parvirubra/	Sutterella_wadsworthensis/	Symbiobacterium_thermophilum/	Synechococcus_elongatus/		Synechocystis_sp._PCC_6714/	Synechocystis_sp._PCC_6803/	Synechocystis_sp._PCC_7509/	Synergistes_sp._3_1_syn1/	Synergistetes_bacterium_JGI_0000079-D21/	Syntrophobacter_fumaroxidans/	Syntrophobotulus_glycolicus/	Syntrophomonas_wolfei/	Syntrophorhabdus_aromaticivorans/	Syntrophothermus_lipocalidus/	Syntrophus_aciditrophicus/	Tannerella_forsythia/		Tatumella_ptyseos/	Tatumella_saanichensis/		Taylorella_asinigenitalis/	Taylorella_equigenitalis/	Tenacibaculum_maritimum/	Tenacibaculum_ovolyticum/	Tepidanaerobacter_acetatoxydans/	Tepidiphilus_margaritifer/	Terasakiella_pusilla/	Teredinibacter_turnerae/	Terracoccus_sp._273MFTsu3.1/	Terriglobus_roseus/	Terriglobus_saanensis/	Terrimonas_ferruginea/	Terrisporobacter_glycolicus/	Tetragenococcus_halophilus/	Tetragenococcus_muriaticus/	Tetrasphaera_elongata/	Thalassobacillus_devorans/	Thalassobacter_arenae/	Thalassobaculum_salexigens/	Thalassobium_sp._R2A62/	Thalassolituus_oleivorans/	Thalassospira_lucentensis/	Thalassospira_profundimaris/	Thalassospira_sp._NP3b2/	Thalassospira_xiamenensis/	Thalassotalea_sp._ND16A/	Thauera_aminoaromatica/	Thauera_linaloolentis/	Thauera_phenylacetica/	Thauera_selenatis/		Thauera_terpenica/	Thermacetogenium_phaeum/	Thermaerobacter_marianensis/	Thermaerobacter_subterraneus/	Thermanaerovibrio_acidaminovorans/	Thermanaerovibrio_velox/	Thermicanus_aegyptius/	Thermincola_potens/	Thermithiobacillus_tepidarius/	Thermoactinomyces_daqus/	Thermoanaerobacter_brockii/	Thermoanaerobacter_ethanolicus/	Thermoanaerobacter_indiensis/	Thermoanaerobacter_italicus/	Thermoanaerobacter_mathranii/	Thermoanaerobacter_pseudethanolicus/	Thermoanaerobacter_siderophilus/		Thermoanaerobacter_thermocopriae/	Thermoanaerobacter_thermohydrosulfuricus/	Thermoanaerobacter_wiegelii/	Thermoanaerobacterium_saccharolyticum/	Thermoanaerobacterium_thermosaccharolyticum/	Thermoanaerobacterium_xylanolyticum/	Thermobacillus_composti/	Thermobaculum_terrenum/	Thermobifida_fusca/	Thermobispora_bispora/	Thermobrachium_celere/	Thermocrinis_albus/		Thermocrispum_agreste/	Thermocrispum_municipale/	Thermodesulfatator_atlanticus/	Thermodesulfatator_indicus/	Thermodesulfobacterium_geofontis/	Thermodesulfobacterium_hveragerdense/	Thermodesulfobacterium_thermophilum/	Thermodesulfobium_narugense/	Thermodesulfovibrio_islandicus/	Thermodesulfovibrio_thiophilus/	Thermodesulfovibrio_yellowstonii/	Thermomicrobium_roseum/	Thermomonas_fusca/	Thermomonospora_curvata/	Thermophagus_xiamenensis/	Thermosediminibacter_oceani/	Thermosinus_carboxydivorans/	Thermosipho_africanus/	Thermosipho_melanesiensis/	Thermosynechococcus_elongatus/		Thermotoga_elfii/	Thermotoga_hypogea/	Thermotoga_lettingae/	Thermotoga_maritima/	Thermotoga_naphthophila/	Thermotoga_neapolitana/	Thermotoga_petrophila/		Thermotoga_thermarum/	Thermovibrio_ammonificans/	Thermovirga_lienii/	Thermus_antranikianii/	Thermus_aquaticus/	Thermus_igniterrae/	Thermus_islandicus/	Thermus_oshimai/	Thermus_scotoductus/	Thermus_thermophilus/	Thioalkalimicrobium_aerophilum/	Thioalkalimicrobium_cyclicum/	Thioalkalivibrio_nitratireducens/		Thioalkalivibrio_sulfidiphilus/	Thioalkalivibrio_thiocyanodenitrificans/	Thioalkalivibrio_thiocyanoxidans/	Thiobacillus_denitrificans/	Thiobacillus_thioparus/	Thiocapsa_marina/	Thiocystis_violascens/	Thioflavicoccus_mobilis/	Thiomicrospira_arctica/	Thiomicrospira_chilensis/	Thiomicrospira_crunogena/	Thiomicrospira_halophila/	Thiomicrospira_kuenenii/	Thiomicrospira_pelophila/		Thiomonas_arsenitoxydans/	Thiomonas_intermedia/		Thiorhodococcus_drewsii/	Thiorhodospira_sibirica/	Thiorhodovibrio_sp._970/	Thiothrix_disciformis/	Thiothrix_flexilis/	Thiothrix_lacustris/	Thiothrix_nivea/	Thiovulum_sp._ES/	Timonella_senegalensis/	Tistrella_mobilis/	Tolumonas_auensis/	Tomitella_biformata/	Treponema_azotonutricium/	Treponema_brennaborense/	Treponema_bryantii/	Treponema_caldaria/	Treponema_denticola/	Treponema_lecithinolyticum/	Treponema_maltophilum/	Treponema_medium/	Treponema_pallidum/	Treponema_paraluiscuniculi/	Treponema_pedis/	Treponema_phagedenis/	Treponema_primitia/	Treponema_saccharophilum/	Treponema_socranskii/		Treponema_succinifaciens/	Treponema_vincentii/	Trichodesmium_erythraeum/	Trichormus_azollae/	Tropheryma_whipplei/	Truepera_radiovictrix/	Trueperella_pyogenes/	Tsukamurella_paurometabola/	Tuberibacillus_calidus/	Turicella_otitidis/	Turicibacter_sanguinis/		Turneriella_parva/	Tyzzerella_nexilis/	Uliginosibacterium_gangwonense/	Ureaplasma_canigenitalium/	Ureaplasma_parvum/	Ureaplasma_urealyticum/	Ureibacillus_thermosphaericus/	Vaccinium_witches-broom_phytoplasma/	Vagococcus_lutrae/	Varibaculum_cambriense/	Variovorax_paradoxus/		Veillonella_atypica/	Veillonella_dispar/	Veillonella_magna/	Veillonella_montpellierensis/	Veillonella_parvula/	Veillonella_ratti/	Verminephrobacter_aporrectodeae/	Verminephrobacter_eiseniae/		Verrucomicrobium_spinosum/	Verrucosispora_maris/	Vibrio_albensis/	Vibrio_alginolyticus/	Vibrio_anguillarum/	Vibrio_azureus/	Vibrio_brasiliensis/	Vibrio_breoganii/	Vibrio_campbellii/	Vibrio_caribbenthicus/	Vibrio_cholerae/	Vibrio_coralliilyticus/	Vibrio_crassostreae/	Vibrio_cyclitrophicus/	Vibrio_ezurae/	Vibrio_fluvialis/	Vibrio_fortis/	Vibrio_furnissii/	Vibrio_gazogenes/	Vibrio_genomosp._F10/	Vibrio_genomosp._F6/	Vibrio_halioticoli/	Vibrio_harveyi/	Vibrio_ichthyoenteri/	Vibrio_kanaloae/	Vibrio_litoralis/	Vibrio_metschnikovii/	Vibrio_mimicus/	Vibrio_natriegens/	Vibrio_nigripulchritudo/	Vibrio_ordalii/	Vibrio_orientalis/	Vibrio_owensii/	Vibrio_parahaemolyticus/	Vibrio_proteolyticus/	Vibrio_rotiferianus/	Vibrio_rumoiensis/	Vibrio_scophthalmi/	Vibrio_shilonii/	Vibrio_sinaloensis/		Vibrio_splendidus/	Vibrio_tasmaniensis/	Vibrio_tubiashii/	Vibrio_vulnificus/	Vibrionales_bacterium_SWAT-3/	Virgibacillus_alimentarius/	Virgibacillus_halodenitrificans/		Vitreoscilla_stercoraria/	Waddlia_chondrophila/		Weeksella_virosa/	Weissella_ceti/	Weissella_cibaria/	Weissella_confusa/	Weissella_halotolerans/	Weissella_koreensis/	Weissella_oryzae/	Weissella_paramesenteroides/	Wenxinia_marina/	Wheat_blue_dwarf_phytoplasma/	Wigglesworthia_glossinidia/	Williamsia_sp._D3/	Winogradskyella_psychrotolerans/	Wohlfahrtiimonas_chitiniclastica/	Wolbachia_endosymbiont_of_Brugia_malayi/	Wolbachia_endosymbiont_of_Culex_pipiens_molestus/	Wolbachia_endosymbiont_of_Culex_quinquefasciatus/	Wolbachia_endosymbiont_of_Diaphorina_citri/	Wolbachia_endosymbiont_of_Drosophila_ananassae/	Wolbachia_endosymbiont_of_Drosophila_melanogaster/	Wolbachia_endosymbiont_of_Drosophila_simulans/	Wolbachia_endosymbiont_of_Drosophila_suzukii/	Wolbachia_endosymbiont_of_Drosophila_willistoni/	Wolbachia_endosymbiont_of_Muscidifurax_uniraptor/	Wolbachia_endosymbiont_of_Nasonia_vitripennis/	Wolbachia_endosymbiont_of_Onchocerca_ochengi/	Wolbachia_endosymbiont_of_Onchocerca_volvulus/	Wolbachia_endosymbiont_of_Wuchereria_bancrofti/	Wolbachia_pipientis/		Wolinella_succinogenes/	Woodsholea_maritima/	Xanthobacter_autotrophicus/		Xanthomonas_albilineans/	Xanthomonas_alfalfae/	Xanthomonas_arboricola/	Xanthomonas_axonopodis/	Xanthomonas_campestris/	Xanthomonas_cassavae/	Xanthomonas_citri/	Xanthomonas_euvesicatoria/	Xanthomonas_fragariae/	Xanthomonas_fuscans/	Xanthomonas_gardneri/	Xanthomonas_hortorum/	Xanthomonas_oryzae/	Xanthomonas_perforans/	Xanthomonas_sacchari/		Xanthomonas_translucens/	Xanthomonas_vasicola/	Xanthomonas_vesicatoria/	Xenococcus_sp._PCC_7305/	Xenorhabdus_bovienii/	Xenorhabdus_nematophila/	Xylanimonas_cellulosilytica/	Xylella_fastidiosa/	Yaniella_halotolerans/	Yersinia_aldovae/	Yersinia_bercovieri/	Yersinia_enterocolitica/	Yersinia_frederiksenii/	Yersinia_intermedia/	Yersinia_kristensenii/	Yersinia_massiliensis/	Yersinia_mollaretii/	Yersinia_pestis/	Yersinia_pseudotuberculosis/	Yersinia_rohdei/	Yersinia_ruckeri/	Yokenella_regensburgei/	Youngiibacter_fragilis/	Zavarzinella_formosa/	Zooshikella_ganghwensis/	Zunongwangia_profunda/	Zymobacter_palmae/	Zymomonas_mobilis/	Zymophilus_raffinosivorans/	